adsh,tag,version,ddate,qtrs,uom,segments,coreg,value,footnote,cik,name,sic,cityba,stprba,countryba,form,period,filed,first_digit,zscore,outlier_flag,duplicate_flag
0001213900-25-127141,Revenues,us-gaap/2025,20231231,4,USD,,,37333000.0,,1932737,ROBO.AI INC.,3711.0,DUBAI,,,F-1,20250630,20251231,3,1.4951719044215679,False,False
0001753926-25-002005,Revenues,us-gaap/2025,20250930,4,USD,,,363726.0,,2016167,TRANSIT PRO TECH INC.,7372.0,WEST COVINA,CA,US,10-K,20250930,20251231,3,-0.3204947189824729,False,False
0001213900-25-127141,Revenues,us-gaap/2025,20241231,4,USD,,,11995000.0,,1932737,ROBO.AI INC.,3711.0,DUBAI,,,F-1,20250630,20251231,1,-1.2428686233974917,False,False
0001185185-25-002208,Revenues,us-gaap/2025,20241231,4,USD,,,43700.0,,802257,"MITESCO, INC.",7370.0,VERO BEACH,FL,US,S-1,20250930,20251231,4,-0.8345533917310048,False,True
0001091818-25-000175,Revenues,us-gaap/2025,20240930,4,USD,,,3126148.0,,1362516,"CLEARTRONIC, INC.",4812.0,CLEARWATER,FL,US,10-K,20250930,20251230,3,-1.0,False,False
0001213900-25-126219,Revenues,us-gaap/2025,20230930,4,USD,,,9163101.0,,1806904,EZGO TECHNOLOGIES LTD.,3751.0,WUJIN DISTRICT CHANGZHOU CITY,,CN,20-F,20250930,20251230,9,-1.3887468451013725,False,False
0001213900-25-126219,Revenues,us-gaap/2025,20240930,4,USD,,,18222160.0,,1806904,EZGO TECHNOLOGIES LTD.,3751.0,WUJIN DISTRICT CHANGZHOU CITY,,CN,20-F,20250930,20251230,1,0.46299353974810054,False,False
0001185185-25-002198,Revenues,us-gaap/2025,20230630,4,USD,,,37130.0,,1993097,3 E NETWORK TECHNOLOGY GROUP LTD,7371.0,HONG KONG,,,F-1,20250630,20251230,3,-0.3869702067193206,False,True
0001185185-25-002198,Revenues,us-gaap/2025,20240630,4,USD,,,859344.0,,1993097,3 E NETWORK TECHNOLOGY GROUP LTD,7371.0,HONG KONG,,,F-1,20250630,20251230,8,-0.3864417385758572,False,True
0001185185-25-002198,Revenues,us-gaap/2025,20250630,4,USD,,,4835167.0,,1993097,3 E NETWORK TECHNOLOGY GROUP LTD,7371.0,HONG KONG,,,F-1,20250630,20251230,4,-0.38388632623849833,False,True
0001213900-25-126219,Revenues,us-gaap/2025,20250930,4,USD,,,20486067.0,,1806904,EZGO TECHNOLOGIES LTD.,3751.0,WUJIN DISTRICT CHANGZHOU CITY,,CN,20-F,20250930,20251230,2,0.9257533053532717,False,False
0001091818-25-000175,Revenues,us-gaap/2025,20250930,4,USD,,,4103388.0,,1362516,"CLEARTRONIC, INC.",4812.0,CLEARWATER,FL,US,10-K,20250930,20251230,4,1.0,False,False
0001829126-25-010312,Revenues,us-gaap/2025,20250930,4,USD,,,17000.0,,2041531,BODHI TREE BIOTECHNOLOGY INC,8742.0,DANVILLE,CA,US,10-K,20250930,20251229,1,-0.4646490839360816,False,False
0001477932-25-009202,Revenues,us-gaap/2025,20250930,4,USD,,,19985.0,,1895939,TANICO INC.,7371.0,WHITBY,,CA,10-K,20250930,20251229,1,-0.38698122646152844,False,False
0001185185-25-002183,Revenues,us-gaap/2025,20240930,4,USD,,,332024.0,,1636051,FUSE GROUP HOLDING INC.,1000.0,ARCADIA,CA,US,10-K,20250930,20251229,3,1.0,False,False
0001185185-25-002183,Revenues,us-gaap/2025,20250930,4,USD,,,45942.0,,1636051,FUSE GROUP HOLDING INC.,1000.0,ARCADIA,CA,US,10-K,20250930,20251229,4,-1.0,False,False
0001477932-25-009206,Revenues,us-gaap/2025,20240930,4,USD,,,3440101.0,,1374881,KINGFISH HOLDING CORP,5090.0,BRADENTON,FL,US,10-K,20250930,20251229,3,-1.0,False,False
0001477932-25-009206,Revenues,us-gaap/2025,20250930,4,USD,,,4832489.0,,1374881,KINGFISH HOLDING CORP,5090.0,BRADENTON,FL,US,10-K,20250930,20251229,4,1.0,False,False
0001477932-25-009175,Revenues,us-gaap/2025,20230930,4,USD,,,1401.0,,1114936,UMEWORLD INC.,7372.0,CAUSEWAY BAY,,,20-F,20250930,20251223,1,-0.32057075459410683,False,False
0001477932-25-009175,Revenues,us-gaap/2025,20250930,4,USD,,,2222.0,,1114936,UMEWORLD INC.,7372.0,CAUSEWAY BAY,,,20-F,20250930,20251223,2,-0.32057058230338126,False,False
0001477932-25-009175,Revenues,us-gaap/2025,20240930,4,USD,,,941.0,,1114936,UMEWORLD INC.,7372.0,CAUSEWAY BAY,,,20-F,20250930,20251223,9,-0.3205708511272783,False,False
0001628280-25-058738,Revenues,us-gaap/2024,20240930,4,USD,,,18075000.0,,10048,BARNWELL INDUSTRIES INC,1311.0,HONOLULU,HI,US,10-K,20250930,20251223,1,0.32608211326873243,False,False
0001628280-25-058738,Revenues,us-gaap/2024,20250930,4,USD,,,13697000.0,,10048,BARNWELL INDUSTRIES INC,1311.0,HONOLULU,HI,US,10-K,20250930,20251223,1,0.03776136284939606,False,False
0001634117-25-000038,Revenues,us-gaap/2025,20240430,4,USD,,,1567135000.0,,1634117,"BARNES & NOBLE EDUCATION, INC.",5940.0,BASKING RIDGE,NJ,US,10-K,20250430,20251223,1,0.9727324836544806,False,False
0001640334-25-002367,Revenues,us-gaap/2025,20250630,4,USD,,,133202.0,,1506929,"VERDE RESOURCES, INC.",1040.0,ST. LOUIS,MO,US,S-1,20250930,20251223,1,1.0,False,True
0001640334-25-002367,Revenues,us-gaap/2025,20240630,4,USD,,,96584.0,,1506929,"VERDE RESOURCES, INC.",1040.0,ST. LOUIS,MO,US,S-1,20250930,20251223,9,-1.0,False,True
0001213900-25-124968,Revenues,us-gaap/2025,20250930,4,USD,,,1378149.0,,2050338,COLLAB Z INC.,6500.0,ORINDA,CA,US,10-K,20250930,20251223,1,-1.219356315310818,False,False
0001634117-25-000038,Revenues,us-gaap/2025,20250430,4,USD,,,1610170000.0,,1634117,"BARNES & NOBLE EDUCATION, INC.",5940.0,BASKING RIDGE,NJ,US,10-K,20250430,20251223,1,1.026900708140334,False,False
0001342423-25-000039,Revenues,us-gaap/2025,20231031,4,USD,,,179901000.0,,1342423,LIMONEIRA CO,100.0,SANTA PAULA,CA,US,10-K,20251031,20251223,1,0.21770940232712252,False,False
0001342423-25-000039,Revenues,us-gaap/2025,20241031,4,USD,,,191503000.0,,1342423,LIMONEIRA CO,100.0,SANTA PAULA,CA,US,10-K,20251031,20251223,1,1.1012907289826557,False,False
0001213900-25-125488,Revenues,us-gaap/2025,20250930,4,USD,,,92776.0,,1879373,GRAPHJET TECHNOLOGY,3620.0,WILAYAHPERSEKUTUANKUALA LUMPUR,,MY,10-K,20250930,20251223,9,-1.4009473723903842,False,False
0001342423-25-000039,Revenues,us-gaap/2025,20251031,4,USD,,,159723000.0,,1342423,LIMONEIRA CO,100.0,SANTA PAULA,CA,US,10-K,20251031,20251223,1,-1.3190001313097806,False,False
0001193125-25-331124,Revenues,us-gaap/2025,20241231,4,USD,,,152127.0,,1814215,"NUBURU, INC.",3690.0,DENVER,CO,US,S-1,20250930,20251223,1,-0.7655103592642069,False,True
0001193125-25-331124,Revenues,us-gaap/2025,20231231,4,USD,,,2085532.0,,1814215,"NUBURU, INC.",3690.0,DENVER,CO,US,S-1,20250930,20251223,2,1.2229231352171235,False,True
0001213900-25-124968,Revenues,us-gaap/2025,20240930,4,USD,,,1853585.0,,2050338,COLLAB Z INC.,6500.0,ORINDA,CA,US,10-K,20250930,20251223,1,-1.2187268682651664,False,False
0001753926-25-001938,Revenues,us-gaap/2025,20231031,4,USD,,,2756016000.0,,357294,HOVNANIAN ENTERPRISES INC,1531.0,MATAWAN,NJ,US,10-K,20251031,20251222,2,-1.0086020381253356,False,False
0001753926-25-001938,Revenues,us-gaap/2025,20241031,4,USD,,,3004918000.0,,357294,HOVNANIAN ENTERPRISES INC,1531.0,MATAWAN,NJ,US,10-K,20251031,20251222,3,-0.9933434761852962,False,False
0001493152-25-028855,Revenues,us-gaap/2025,20231231,4,USD,,,9990150.0,,1893657,RUBBER LEAF INC,3714.0,"NINGBO, ZHEJIANG",,CN,S-1/A,20241231,20251222,9,1.0,False,False
0000046619-25-000082,Revenues,us-gaap/2025,20251031,4,USD,,,4485044000.0,,46619,HEICO CORP,3724.0,HOLLYWOOD,FL,US,10-K,20251031,20251222,4,1.1484787950456403,False,False
0000046619-25-000082,Revenues,us-gaap/2025,20241031,4,USD,,,3857669000.0,,46619,HEICO CORP,3724.0,HOLLYWOOD,FL,US,10-K,20251031,20251222,3,0.14042649854182823,False,False
0001493152-25-028855,Revenues,us-gaap/2025,20241231,4,USD,,,6929706.0,,1893657,RUBBER LEAF INC,3714.0,"NINGBO, ZHEJIANG",,CN,S-1/A,20241231,20251222,6,-1.0,False,False
0000046619-25-000082,Revenues,us-gaap/2025,20231031,4,USD,,,2968105000.0,,46619,HEICO CORP,3724.0,HOLLYWOOD,FL,US,10-K,20251031,20251222,2,-1.2889052935874679,False,False
0001493152-25-028615,Revenues,us-gaap/2025,20241231,4,USD,,,8811000.0,,2033383,FUSEMACHINES INC.,7373.0,FORT LAUDERDALE,FL,US,S-1,20250930,20251222,8,-0.9704496960175797,False,False
0001493152-25-028813,Revenues,us-gaap/2025,20231231,4,USD,,,70000.0,,908259,"ONCOTELIC THERAPEUTICS, INC.",2834.0,AGUORA HILLS,CA,US,S-1/A,20250930,20251222,7,-0.5223316497996298,False,True
0001753926-25-001938,Revenues,us-gaap/2025,20251031,4,USD,,,2978581000.0,,357294,HOVNANIAN ENTERPRISES INC,1531.0,MATAWAN,NJ,US,10-K,20251031,20251222,2,-0.9949580262725387,False,False
0001493152-25-028615,Revenues,us-gaap/2025,20231231,4,USD,,,7438000.0,,2033383,FUSEMACHINES INC.,7373.0,FORT LAUDERDALE,FL,US,S-1,20250930,20251222,7,-1.0265790821469534,False,False
0001213900-25-124014,Revenues,us-gaap/2025,20241231,4,USD,,,1013000.0,,1734750,MOVANO INC.,3845.0,PLEASANTON,CA,US,S-4,20250930,20251222,1,,False,False
0001213900-25-123884,Revenues,us-gaap/2025,20240630,4,USD,,,2348380.0,,2046216,BETA FINTECH HOLDINGS LTD,6199.0,SHEUNG WAN,,HK,SP 15D2,20250630,20251219,2,-0.7489923102586155,False,False
0001437749-25-038435,Revenues,us-gaap/2025,20240930,4,USD,,,19482167.0,,1644903,"CBDMD, INC.",2844.0,CHARLOTTE,NC,US,10-K,20250930,20251219,1,-1.224552294936354,False,False
0001213900-25-123884,Revenues,us-gaap/2025,20250630,4,USD,,,3429414.0,,2046216,BETA FINTECH HOLDINGS LTD,6199.0,SHEUNG WAN,,HK,SP 15D2,20250630,20251219,3,-0.7460875987094925,False,False
0001437749-25-038435,Revenues,us-gaap/2025,20250930,4,USD,,,19190468.0,,1644903,"CBDMD, INC.",2844.0,CHARLOTTE,NC,US,10-K,20250930,20251219,1,-1.2248200590820182,False,False
0001174947-25-001463,Revenues,us-gaap/2025,20240930,4,USD,,,187216000.0,,12040,FLANIGANS ENTERPRISES INC,5812.0,FORT LAUDERDALE,FL,US,10-K,20250930,20251219,1,-1.23110752944469,False,False
0001174947-25-001463,Revenues,us-gaap/2025,20250930,4,USD,,,205248000.0,,12040,FLANIGANS ENTERPRISES INC,5812.0,FORT LAUDERDALE,FL,US,10-K,20250930,20251219,2,-1.2045869957554929,False,False
0001104659-25-122363,Revenues,us-gaap/2025,20231031,4,USD,,,3975500000.0,,27673,DEERE JOHN CAPITAL CORP,6153.0,MADISON,WI,US,10-K,20251031,20251218,3,0.5258095411095243,False,False
0001062993-25-017396,Revenues,us-gaap/2025,20250930,4,USD,,,10082000.0,,216877,PISMO COAST VILLAGE INC,7000.0,PISMO BEACH,CA,US,10-K,20250930,20251218,1,1.0,False,False
0001104659-25-122321,Revenues,us-gaap/2025,20241031,4,USD,,,51716000000.0,,315189,DEERE & CO,3523.0,MOLINE,IL,US,10-K,20251031,20251218,5,0.9412235104522332,False,False
0001104659-25-122321,Revenues,us-gaap/2025,20251031,4,USD,,,45684000000.0,,315189,DEERE & CO,3523.0,MOLINE,IL,US,10-K,20251031,20251218,4,0.7136509529095277,False,False
0001104659-25-122321,Revenues,us-gaap/2025,20231031,4,USD,,,61251000000.0,,315189,DEERE & CO,3523.0,MOLINE,IL,US,10-K,20251031,20251218,6,1.3009556616739997,False,False
0001193125-25-324922,Revenues,us-gaap/2025,20241231,4,USD,,,1152416000.0,,1538990,STORE CAPITAL LLC,6798.0,SCOTTSDALE,AZ,US,S-4,20250930,20251218,1,1.4456281538456124,False,False
0001645590-25-000130,Revenues,us-gaap/2025,20241031,4,USD,,,30127000000.0,,1645590,HEWLETT PACKARD ENTERPRISE CO,3570.0,SPRING,TX,US,10-K,20251031,20251218,3,-1.0806644696103702,False,False
0001104659-25-122363,Revenues,us-gaap/2025,20241031,4,USD,,,4940200000.0,,27673,DEERE JOHN CAPITAL CORP,6153.0,MADISON,WI,US,10-K,20251031,20251218,4,0.948367818268809,False,False
0001645590-25-000130,Revenues,us-gaap/2025,20231031,4,USD,,,29135000000.0,,1645590,HEWLETT PACKARD ENTERPRISE CO,3570.0,SPRING,TX,US,10-K,20251031,20251218,2,-1.1660072533265484,False,False
0001193125-25-324922,Revenues,us-gaap/2025,20231231,4,USD,,,951900000.0,,1538990,STORE CAPITAL LLC,6798.0,SCOTTSDALE,AZ,US,S-4,20250930,20251218,9,0.32102189232926853,False,False
0001645590-25-000130,Revenues,us-gaap/2025,20251031,4,USD,,,34296000000.0,,1645590,HEWLETT PACKARD ENTERPRISE CO,3570.0,SPRING,TX,US,10-K,20251031,20251218,3,-0.7220010973192945,False,False
0001213900-25-123367,Revenues,us-gaap/2025,20231231,4,USD,,,316000.0,,1840877,"ENVOY MEDICAL, INC.",3842.0,WHITE BEAR LAKE,MN,US,S-1,20250930,20251218,3,1.0,False,True
0001213900-25-123367,Revenues,us-gaap/2025,20241231,4,USD,,,225000.0,,1840877,"ENVOY MEDICAL, INC.",3842.0,WHITE BEAR LAKE,MN,US,S-1,20250930,20251218,2,-1.0,False,True
0001193125-25-324922,Revenues,us-gaap/2025,20221231,4,USD,,,910172000.0,,1538990,STORE CAPITAL LLC,6798.0,SCOTTSDALE,AZ,US,S-4,20250930,20251218,9,0.08698784975633674,False,False
0001104659-25-122363,Revenues,us-gaap/2025,20251031,4,USD,,,4935100000.0,,27673,DEERE JOHN CAPITAL CORP,6153.0,MADISON,WI,US,10-K,20251031,20251218,4,0.9461339142431924,False,False
0001062993-25-017396,Revenues,us-gaap/2025,20240930,4,USD,,,9727000.0,,216877,PISMO COAST VILLAGE INC,7000.0,PISMO BEACH,CA,US,10-K,20250930,20251218,9,-1.0,False,False
0001601046-25-000127,Revenues,us-gaap/2025,20241031,4,USD,,,4979000000.0,,1601046,"KEYSIGHT TECHNOLOGIES, INC.",3823.0,SANTA ROSA,CA,US,10-K,20251031,20251217,4,-1.3930494807261158,False,False
0001213900-25-122390,Revenues,us-gaap/2025,20240930,4,USD,,,3453003.0,,1500198,NEUROONE MEDICAL TECHNOLOGIES CORP,3841.0,EDEN PRAIRIE,MN,US,10-K,20250930,20251217,3,-0.6633390958722404,False,False
0001213900-25-122390,Revenues,us-gaap/2025,20250930,4,USD,,,9097692.0,,1500198,NEUROONE MEDICAL TECHNOLOGIES CORP,3841.0,EDEN PRAIRIE,MN,US,10-K,20250930,20251217,9,-0.6627354939156216,False,False
0001213900-25-122473,Revenues,us-gaap/2025,20220930,4,USD,,,22028303.0,,1969401,LINKAGE GLOBAL INC,5961.0,TOKYO,,JP,F-1/A,20250331,20251217,2,1.3864221999242454,False,True
0001601046-25-000127,Revenues,us-gaap/2025,20231031,4,USD,,,5464000000.0,,1601046,"KEYSIGHT TECHNOLOGIES, INC.",3823.0,SANTA ROSA,CA,US,10-K,20251031,20251217,5,0.9076168012903385,False,False
0001104659-25-121786,Revenues,us-gaap/2025,20241231,4,USD,,,89908403.0,,1725123,CANGO INC.,7372.0,HONG KONG,,,F-3,20241231,20251217,8,-0.30170334581125957,False,False
0001601046-25-000127,Revenues,us-gaap/2025,20251031,4,USD,,,5375000000.0,,1601046,"KEYSIGHT TECHNOLOGIES, INC.",3823.0,SANTA ROSA,CA,US,10-K,20251031,20251217,5,0.4854326794357727,False,False
0001213900-25-122473,Revenues,us-gaap/2025,20230930,4,USD,,,12733339.0,,1969401,LINKAGE GLOBAL INC,5961.0,TOKYO,,JP,F-1/A,20250331,20251217,1,-0.45160167823376285,False,True
0001213900-25-122473,Revenues,us-gaap/2025,20240930,4,USD,,,10289681.0,,1969401,LINKAGE GLOBAL INC,5961.0,TOKYO,,JP,F-1/A,20250331,20251217,1,-0.9348205216904822,False,True
0001213900-25-122771,Revenues,us-gaap/2025,20221231,4,USD,,,97305527.0,,1997201,PS INTERNATIONAL GROUP LTD.,4731.0,HONG KONG,,,F-1,20250630,20251217,9,0.5740008195933789,False,False
0001477932-25-009011,Revenues,us-gaap/2025,20240930,4,USD,,,106936000.0,,40570,GEE GROUP INC.,7361.0,JACKSONVILLE,FL,US,10-K,20250930,20251217,1,1.0762756799499,False,False
0001213900-25-122771,Revenues,us-gaap/2025,20231231,4,USD,,,140020469.0,,1997201,PS INTERNATIONAL GROUP LTD.,4731.0,HONG KONG,,,F-1,20250630,20251217,1,1.3544179668763314,False,False
0001213900-25-122771,Revenues,us-gaap/2025,20241231,4,USD,,,87166469.0,,1997201,PS INTERNATIONAL GROUP LTD.,4731.0,HONG KONG,,,F-1,20250630,20251217,8,0.38875663219646284,False,False
0001477932-25-009011,Revenues,us-gaap/2025,20250930,4,USD,,,96504000.0,,40570,GEE GROUP INC.,7361.0,JACKSONVILLE,FL,US,10-K,20250930,20251217,9,0.7851823398358956,False,False
0001213900-25-122892,Revenues,us-gaap/2025,20240331,4,USD,,,6366154.0,,1094032,QDM INTERNATIONAL INC.,6411.0,KOWLOON,,HK,S-1/A,20250930,20251217,6,-1.0,False,True
0001213900-25-122892,Revenues,us-gaap/2025,20250331,4,USD,,,8381274.0,,1094032,QDM INTERNATIONAL INC.,6411.0,KOWLOON,,HK,S-1/A,20250930,20251217,8,1.0,False,True
0001214659-25-018074,Revenues,us-gaap/2025,20241231,4,USD,,,4912000.0,,1349706,"TURNONGREEN, INC.",3620.0,MILPITAS,CA,US,S-1,20250930,20251216,4,0.8678351060157662,False,False
0001999261-25-000019,Revenues,us-gaap/2024,20240930,4,USD,,,9007.0,,1999261,STAGEWISE STRATEGIES CORP.,7374.0,BERLIN,,DE,10-K,20250930,20251216,9,-0.889004152813207,False,False
0001999261-25-000019,Revenues,us-gaap/2024,20250930,4,USD,,,95409.0,,1999261,STAGEWISE STRATEGIES CORP.,7374.0,BERLIN,,DE,10-K,20250930,20251216,9,-0.8872853866069288,False,False
0001193125-25-319720,Revenues,us-gaap/2025,20241231,4,USD,,,56590000.0,,1820190,SCILEX HOLDING CO,2836.0,PALO ALTO,CA,US,S-1,20250930,20251216,5,1.6059945998262266,False,False
0001193125-25-319720,Revenues,us-gaap/2025,20231231,4,USD,,,46743000.0,,1820190,SCILEX HOLDING CO,2836.0,PALO ALTO,CA,US,S-1,20250930,20251216,4,1.2032501975336118,False,False
0000356037-25-000065,Revenues,us-gaap/2025,20240930,4,USD,,,55219000.0,,356037,CSP INC /MA/,7373.0,LOWELL,MA,US,10-K,20250930,20251216,5,0.9267480836561082,False,False
0001214659-25-018074,Revenues,us-gaap/2025,20231231,4,USD,,,4201000.0,,1349706,"TURNONGREEN, INC.",3620.0,MILPITAS,CA,US,S-1,20250930,20251216,4,0.533112266374618,False,False
0000356037-25-000065,Revenues,us-gaap/2025,20250930,4,USD,,,58730000.0,,356037,CSP INC /MA/,7373.0,LOWELL,MA,US,10-K,20250930,20251216,5,1.070280694508425,False,False
0001185185-25-002060,Revenues,us-gaap/2025,20240331,4,USD,,,5000.0,,1733861,REST EZ INC.,2834.0,RIVERTON,UT,US,10-K,20250331,20251216,5,-0.5223568728891518,False,False
0001640334-25-002346,Revenues,us-gaap/2025,20250831,4,USD,,,4600.0,,1765651,PACIFIC SPORTS EXCHANGE INC.,5940.0,PORTLAND,OR,US,10-K,20250831,20251216,4,-0.9998170993780577,False,False
0001640334-25-002346,Revenues,us-gaap/2025,20240831,4,USD,,,5400.0,,1765651,PACIFIC SPORTS EXCHANGE INC.,5940.0,PORTLAND,OR,US,10-K,20250831,20251216,5,-0.9998160924167567,False,False
0001555017-25-000006,Revenues,us-gaap/2025,20240831,4,USD,,,51800.0,,1555017,"SKY CENTURY INVESTMENT, INC.",8741.0,LAS VEGAS,NV,US,10-K,20250831,20251216,5,-1.223446600232806,False,False
0001555017-25-000006,Revenues,us-gaap/2025,20250831,4,USD,,,76338.0,,1555017,"SKY CENTURY INVESTMENT, INC.",8741.0,LAS VEGAS,NV,US,10-K,20250831,20251216,7,-1.2232667674343232,False,False
0001193125-25-319187,Revenues,us-gaap/2025,20240930,4,USD,,,5004989000.0,,1062579,AMDOCS LTD,7371.0,ST. PETER PORT,,,20-F,20250930,20251215,5,2.8299023141361905,False,False
0001193125-25-319187,Revenues,us-gaap/2025,20250930,4,USD,,,4532913000.0,,1062579,AMDOCS LTD,7371.0,ST. PETER PORT,,,20-F,20250930,20251215,4,2.5264811521350086,False,False
0001213900-25-121345,Revenues,us-gaap/2025,20230630,4,SGD,,,5022071.0,,1912884,REPUBLIC POWER GROUP LTD,7372.0,SINGAPORE,,SG,20-F,20250630,20251215,5,-0.31951714329413516,False,False
0001193125-25-319187,Revenues,us-gaap/2025,20230930,4,USD,,,4887550000.0,,1062579,AMDOCS LTD,7371.0,ST. PETER PORT,,,20-F,20250930,20251215,4,2.7544198116487584,False,False
0001104659-25-120879,Revenues,us-gaap/2025,20240930,4,USD,,,245915000.0,,1540013,QUIPT HOME MEDICAL CORP.,8090.0,WILDER,KY,US,10-K,20250930,20251215,2,1.2271036728526044,False,False
0001104659-25-120879,Revenues,us-gaap/2025,20250930,4,USD,,,245359000.0,,1540013,QUIPT HOME MEDICAL CORP.,8090.0,WILDER,KY,US,10-K,20250930,20251215,2,1.2223774213715894,False,False
0001213900-25-121345,Revenues,us-gaap/2025,20240630,4,SGD,,,685820.0,,1912884,REPUBLIC POWER GROUP LTD,7372.0,SINGAPORE,,SG,20-F,20250630,20251215,6,-0.32042712603610257,False,False
0001213900-25-121345,Revenues,us-gaap/2025,20250630,4,USD,,,2367181.0,,1912884,REPUBLIC POWER GROUP LTD,7372.0,SINGAPORE,,SG,20-F,20250630,20251215,2,-0.32007428449325437,False,False
0001213900-25-121345,Revenues,us-gaap/2025,20250630,4,SGD,,,3010817.0,,1912884,REPUBLIC POWER GROUP LTD,7372.0,SINGAPORE,,SG,20-F,20250630,20251215,3,-0.3199392144403195,False,False
0001423221-25-000100,Revenues,us-gaap/2025,20251031,4,USD,,,1837641000.0,,1423221,QUANEX BUILDING PRODUCTS CORP,3350.0,HOUSTON,TX,US,10-K,20251031,20251212,1,2.026045664680299,False,False
0001628280-25-056698,Revenues,us-gaap/2025,20241031,4,USD,,,4014955000.0,,936395,CIENA CORP,3661.0,HANOVER,MD,US,10-K,20251031,20251212,4,-1.2185503456675872,False,False
0001423221-25-000100,Revenues,us-gaap/2025,20231031,4,USD,,,1130583000.0,,1423221,QUANEX BUILDING PRODUCTS CORP,3350.0,HOUSTON,TX,US,10-K,20251031,20251212,1,0.9061584264219807,False,False
0001096906-25-002037,Revenues,us-gaap/2024,20240930,4,USD,,,163.0,,1610718,"OUTDOOR SPECIALTY PRODUCTS, INC.",3949.0,SALT LAKE CITY,UT,US,10-K,20250930,20251212,1,-1.0,False,False
0001096906-25-002037,Revenues,us-gaap/2024,20250930,4,USD,,,306.0,,1610718,"OUTDOOR SPECIALTY PRODUCTS, INC.",3949.0,SALT LAKE CITY,UT,US,10-K,20250930,20251212,3,1.0,False,False
0001213900-25-121128,Revenues,us-gaap/2025,20241231,4,USD,,,40463.0,,1976870,BRB FOODS INC.,2000.0,DOVER,DE,US,POS AM,20250930,20251212,4,-1.2033883183522236,False,False
0001213900-25-121128,Revenues,us-gaap/2025,20231231,4,USD,,,10054390.0,,1976870,BRB FOODS INC.,2000.0,DOVER,DE,US,POS AM,20250930,20251212,1,-1.1933284988464998,False,False
0001628280-25-056698,Revenues,us-gaap/2025,20251031,4,USD,,,4769507000.0,,936395,CIENA CORP,3661.0,HANOVER,MD,US,10-K,20251031,20251212,4,1.2308468029015218,False,False
0001423221-25-000100,Revenues,us-gaap/2025,20241031,4,USD,,,1277862000.0,,1423221,QUANEX BUILDING PRODUCTS CORP,3350.0,HOUSTON,TX,US,10-K,20251031,20251212,1,1.139429066968367,False,False
0001628280-25-056698,Revenues,us-gaap/2025,20231031,4,USD,,,4386549000.0,,936395,CIENA CORP,3661.0,HANOVER,MD,US,10-K,20251031,20251212,4,-0.012296457233934553,False,False
0001683168-25-009068,Revenues,us-gaap/2025,20250930,4,USD,,,18187525.0,,38264,"FORWARD INDUSTRIES, INC.",3089.0,HAUPPAUGE,NY,US,10-K,20250930,20251211,1,-1.0,False,False
0001199835-25-000414,Revenues,us-gaap/2025,20231231,4,USD,,,26031.0,,1936756,"NEXT BRIDGE HYDROCARBONS, INC.",1311.0,MIDLAND,TX,US,10-K,20241231,20251211,2,-0.862563909201651,False,False
0001683168-25-009068,Revenues,us-gaap/2025,20240930,4,USD,,,19990833.0,,38264,"FORWARD INDUSTRIES, INC.",3089.0,HAUPPAUGE,NY,US,10-K,20250930,20251211,1,1.0,False,False
0001199835-25-000414,Revenues,us-gaap/2025,20241231,4,USD,,,12585.0,,1936756,"NEXT BRIDGE HYDROCARBONS, INC.",1311.0,MIDLAND,TX,US,10-K,20241231,20251211,1,-0.8634494187517054,False,False
0000047217-25-000071,Revenues,us-gaap/2025,20251031,4,USD,,,55295000000.0,,47217,HP INC,3570.0,PALO ALTO,CA,US,10-K,20251031,20251210,5,1.084564543059765,False,False
0000047217-25-000071,Revenues,us-gaap/2025,20241031,4,USD,,,53559000000.0,,47217,HP INC,3570.0,PALO ALTO,CA,US,10-K,20251031,20251210,5,0.9352146715564531,False,False
0000047217-25-000071,Revenues,us-gaap/2025,20231031,4,USD,,,53718000000.0,,47217,HP INC,3570.0,PALO ALTO,CA,US,10-K,20251031,20251210,5,0.9488936056399938,False,False
0001477932-25-008881,Revenues,us-gaap/2025,20241231,4,USD,,,266.0,,1854526,BROOQLY INC.,7374.0,ANN ARBOR,MI,US,S-1/A,20250930,20251209,2,-0.8891780346146593,False,False
0001213900-25-119658,Revenues,us-gaap/2025,20230731,4,USD,,,2450000.0,,1755058,ATIF HOLDINGS LTD,8742.0,LAKE FOREST,CA,US,20-F,20250731,20251209,2,-0.45722873445764495,False,False
0001079973-25-001836,Revenues,us-gaap/2024,20241231,4,USD,,,3876000.0,,1843714,"ZAPATA QUANTUM, INC.",7372.0,BOSTON,MA,US,10-K,20241231,20251209,3,-0.3197576517036044,False,False
0001213900-25-119658,Revenues,us-gaap/2025,20240731,4,USD,,,620000.0,,1755058,ATIF HOLDINGS LTD,8742.0,LAKE FOREST,CA,US,20-F,20250731,20251209,6,-0.462810008417998,False,False
0001213900-25-119716,Revenues,us-gaap/2025,20231231,4,USD,,,6944.0,,1881551,SOLIDION TECHNOLOGY INC.,3690.0,DALLAS,TX,US,S-1/A,20250930,20251209,6,-0.9148255519058329,False,False
0001079973-25-001836,Revenues,us-gaap/2024,20231231,4,USD,,,5683000.0,,1843714,"ZAPATA QUANTUM, INC.",7372.0,BOSTON,MA,US,10-K,20241231,20251209,5,-0.3193784442235173,False,False
0001477932-25-008881,Revenues,us-gaap/2025,20231231,4,USD,,,5.0,,1854526,BROOQLY INC.,7374.0,ANN ARBOR,MI,US,S-1/A,20250930,20251209,5,-0.8891832266007226,False,False
0001213900-25-119658,Revenues,us-gaap/2025,20250731,4,USD,,,1200000.0,,1755058,ATIF HOLDINGS LTD,8742.0,LAKE FOREST,CA,US,20-F,20250731,20251209,1,-0.46104108005897904,False,False
0001096906-25-001987,Revenues,us-gaap/2024,20250630,4,USD,,,315130.0,,1755101,APPLIFE DIGITAL SOLUTIONS INC,7374.0,SAN FRANCISCO,CA,US,S-1,20250630,20251208,3,-0.8829145499409989,False,True
0001883085-25-000204,Revenues,us-gaap/2024,20241231,4,USD,,,1032248000.0,,1883085,PAGAYA TECHNOLOGIES LTD.,6199.0,NEW YORK,NY,US,8-K,20241231,20251205,1,2.018322427900701,False,False
0001193125-25-309830,Revenues,us-gaap/2025,20241231,4,USD,,,867600000.0,,27430,DAYTON POWER & LIGHT CO,4931.0,DAYTON,OH,US,S-4,20250930,20251205,8,1.2087450367321242,False,False
0001193125-25-309830,Revenues,us-gaap/2025,20231231,4,USD,,,852000000.0,,27430,DAYTON POWER & LIGHT CO,4931.0,DAYTON,OH,US,S-4,20250930,20251205,8,-1.2401410117121794,False,False
0001883085-25-000204,Revenues,us-gaap/2024,20221231,4,USD,,,748928000.0,,1883085,PAGAYA TECHNOLOGIES LTD.,6199.0,NEW YORK,NY,US,8-K,20241231,20251205,7,1.2570486140359114,False,False
0001140361-25-044581,Revenues,us-gaap/2025,20250930,4,USD,,,207443000.0,,1133062,JANEL CORP,7389.0,NEW YORK,NY,US,10-K,20250930,20251205,2,-0.4281175579345543,False,False
0001140361-25-044581,Revenues,us-gaap/2025,20240930,4,USD,,,183184000.0,,1133062,JANEL CORP,7389.0,NEW YORK,NY,US,10-K,20250930,20251205,1,-0.42912275725050414,False,False
0001883085-25-000204,Revenues,us-gaap/2024,20231231,4,USD,,,812051000.0,,1883085,PAGAYA TECHNOLOGIES LTD.,6199.0,NEW YORK,NY,US,8-K,20241231,20251205,8,1.4266585496302469,False,False
0001193125-25-309830,Revenues,us-gaap/2025,20221231,4,USD,,,860100000.0,,27430,DAYTON POWER & LIGHT CO,4931.0,DAYTON,OH,US,S-4,20250930,20251205,8,0.03139597498005517,False,False
0001437749-25-036827,Revenues,us-gaap/2025,20250930,4,USD,,,95334212.0,,1069533,RGC RESOURCES INC,4923.0,ROANOKE,VA,US,10-K,20250930,20251204,9,1.0,False,False
0001437749-25-036827,Revenues,us-gaap/2025,20240930,4,USD,,,84641232.0,,1069533,RGC RESOURCES INC,4923.0,ROANOKE,VA,US,10-K,20250930,20251204,8,-1.0,False,False
0001628280-25-055209,Revenues,us-gaap/2025,20231231,4,USD,,,17146000000.0,,55785,KIMBERLY CLARK CORP,2670.0,IRVING,TX,US,8-K,20241231,20251204,1,1.0209578355330342,False,False
0001628280-25-055209,Revenues,us-gaap/2025,20221231,4,USD,,,16952000000.0,,55785,KIMBERLY CLARK CORP,2670.0,IRVING,TX,US,8-K,20241231,20251204,1,0.9980850965460283,False,False
0001628280-25-055209,Revenues,us-gaap/2025,20241231,4,USD,,,16805000000.0,,55785,KIMBERLY CLARK CORP,2670.0,IRVING,TX,US,8-K,20241231,20251204,1,0.980753691231132,False,False
0001437749-25-036695,Revenues,us-gaap/2025,20240630,4,USD,,,7055.0,,1018281,INTEGRAL TECHNOLOGIES INC,3679.0,EVANSVILLE,IN,US,10-K,20250630,20251203,7,,False,False
0001213900-25-117512,Revenues,us-gaap/2025,20241231,4,USD,,,105.0,,1903595,"BRAG HOUSE HOLDINGS, INC.",7990.0,MONTCLAIR,NJ,US,S-4,20250930,20251203,1,-1.2238166144251417,False,False
0001213900-25-117512,Revenues,us-gaap/2025,20231231,4,USD,,,366438.0,,1903595,"BRAG HOUSE HOLDINGS, INC.",7990.0,MONTCLAIR,NJ,US,S-4,20250930,20251203,3,-1.2238084537056528,False,False
0001553350-25-000164,Revenues,us-gaap/2025,20250831,4,USD,,,41298140.0,,885307,JEWETT CAMERON TRADING CO LTD,5211.0,NORTH PLAINS,OR,US,10-K,20250831,20251201,4,-1.0,False,False
0001553350-25-000164,Revenues,us-gaap/2025,20240831,4,USD,,,47145176.0,,885307,JEWETT CAMERON TRADING CO LTD,5211.0,NORTH PLAINS,OR,US,10-K,20250831,20251201,4,1.0,False,False
0001640334-25-002237,Revenues,us-gaap/2025,20220131,4,USD,,,5613200.0,,1697884,VITASPRING BIOMEDICAL CO. LTD.,8731.0,RIVERSIDE,CA,US,10-K,20230131,20251201,5,-1.4009268839996223,False,False
0001663577-25-000338,Revenues,us-gaap/2025,20240831,4,USD,,,3300467.0,,1605331,AB INTERNATIONAL GROUP CORP.,6794.0,MT. KISCO,NY,US,10-K,20250831,20251201,3,-1.0,False,False
0001663577-25-000338,Revenues,us-gaap/2025,20250831,4,USD,,,6368563.0,,1605331,AB INTERNATIONAL GROUP CORP.,6794.0,MT. KISCO,NY,US,10-K,20250831,20251201,6,1.0,False,False
0001683168-25-008736,Revenues,us-gaap/2025,20240831,4,USD,,,130074.0,,1343009,CNBX PHARMACEUTICALS INC.,2834.0,BETHESDA,MD,US,10-K,20250831,20251201,1,-0.522308338232246,False,False
0001213900-25-116002,Revenues,us-gaap/2025,20231231,4,USD,,,122000.0,,1893219,"ABPRO HOLDINGS, INC.",2836.0,NEW YORK,NY,US,S-1/A,20250930,20251128,1,-0.7035586558515797,False,True
0001213900-25-115625,Revenues,us-gaap/2025,20250630,4,USD,,,113333444.0,,1875994,XINXU COPPER INDUSTRY TECHNOLOGY LTD,3350.0,WAHU,,,POS AM,20250630,20251128,1,-0.7050315974351012,False,True
0001213900-25-115625,Revenues,us-gaap/2025,20240630,4,USD,,,105874786.0,,1875994,XINXU COPPER INDUSTRY TECHNOLOGY LTD,3350.0,WAHU,,,POS AM,20250630,20251128,1,-0.7168451345264478,False,True
0001193125-25-302570,Revenues,us-gaap/2025,20231231,4,USD,,,3856000.0,,1871638,"BLAIZE HOLDINGS, INC.",3674.0,EL DORADO HILLS,CA,US,S-1,20250930,20251128,3,-0.700247529082973,False,False
0001213900-25-115625,Revenues,us-gaap/2025,20230630,4,USD,,,170845619.0,,1875994,XINXU COPPER INDUSTRY TECHNOLOGY LTD,3350.0,WAHU,,,POS AM,20250630,20251128,1,-0.6139398470737744,False,True
0001193125-25-302570,Revenues,us-gaap/2025,20241231,4,USD,,,1554000.0,,1871638,"BLAIZE HOLDINGS, INC.",3674.0,EL DORADO HILLS,CA,US,S-1,20250930,20251128,1,-0.707106312561969,False,False
0001104659-25-116870,Revenues,us-gaap/2024,20241231,4,USD,,,2022698.0,,1823000,CONX CORP.,6510.0,LITTLETON,CO,US,10-K,20241231,20251128,2,,False,False
0001193125-25-301379,Revenues,us-gaap/2025,20250831,4,USD,,,43009000.0,,1333822,SEMILEDS CORP,3674.0,CHU-NAN,,TW,10-K,20250831,20251128,4,-0.5835915996506857,False,False
0001640334-25-002225,Revenues,us-gaap/2025,20240831,4,USD,,,464278.0,,1348362,LEXARIA BIOSCIENCE CORP.,2834.0,KELOWNA,BC,CA,10-K,20250831,20251128,4,-0.5221786511951597,False,True
0001096906-25-001949,Revenues,us-gaap/2024,20250930,4,USD,,,18000.0,,775057,ALTEX INDUSTRIES INC,1311.0,DENVER,CO,US,10-K,20250930,20251128,1,-0.8630928045754788,False,False
0001185185-25-001887,Revenues,us-gaap/2025,20240831,4,USD,,,237868.0,,1127475,"DIGITAL BRAND MEDIA & MARKETING GROUP, INC.",7389.0,NEW YORK,NY,US,10-K,20250831,20251128,2,-0.4367033387560103,False,False
0001193125-25-301379,Revenues,us-gaap/2025,20240831,4,USD,,,5183000.0,,1333822,SEMILEDS CORP,3674.0,CHU-NAN,,TW,10-K,20250831,20251128,5,-0.6962937472946901,False,False
0001185185-25-001887,Revenues,us-gaap/2025,20250831,4,USD,,,137998.0,,1127475,"DIGITAL BRAND MEDIA & MARKETING GROUP, INC.",7389.0,NEW YORK,NY,US,10-K,20250831,20251128,1,-0.4367074769832944,False,False
0001096906-25-001949,Revenues,us-gaap/2024,20240930,4,USD,,,23000.0,,775057,ALTEX INDUSTRIES INC,1311.0,DENVER,CO,US,10-K,20250930,20251128,2,-0.8627635209409203,False,False
0000913760-25-000196,Revenues,us-gaap/2025,20230930,4,USD,,,60856100000.0,,913760,STONEX GROUP INC.,6200.0,NEW YORK,NY,US,10-K,20250930,20251128,6,-1.2603268164770896,False,False
0001640334-25-002225,Revenues,us-gaap/2025,20250831,4,USD,,,705923.0,,1348362,LEXARIA BIOSCIENCE CORP.,2834.0,KELOWNA,BC,CA,10-K,20250831,20251128,7,-0.5220848814495053,False,False
0000913760-25-000196,Revenues,us-gaap/2025,20250930,4,USD,,,132378200000.0,,913760,STONEX GROUP INC.,6200.0,NEW YORK,NY,US,10-K,20250930,20251128,1,1.1857551979110916,False,False
0000913760-25-000196,Revenues,us-gaap/2025,20240930,4,USD,,,99887800000.0,,913760,STONEX GROUP INC.,6200.0,NEW YORK,NY,US,10-K,20250930,20251128,9,0.07457161856599742,False,False
0001213900-25-116002,Revenues,us-gaap/2025,20241231,4,USD,,,183000.0,,1893219,"ABPRO HOLDINGS, INC.",2836.0,NEW YORK,NY,US,S-1/A,20250930,20251128,1,-0.7010637428283392,False,True
0001995920-25-000021,Revenues,us-gaap/2024,20250831,4,USD,,,29289.0,,1995920,E-SMART CORP.,7371.0,PHILADELPHIA,PA,US,10-K,20250831,20251126,2,-0.3869752464276118,False,False
0001995920-25-000021,Revenues,us-gaap/2024,20240831,4,USD,,,11935.0,,1995920,E-SMART CORP.,7371.0,PHILADELPHIA,PA,US,10-K,20250831,20251126,1,-0.3869864005020518,False,False
0000050493-25-000019,Revenues,us-gaap/2024,20240930,4,USD,,,5639609434.0,,50493,INGLES MARKETS INC,5411.0,ASHEVILLE,NC,US,10-K,20250930,20251126,5,0.07646638338584921,False,False
0000050493-25-000019,Revenues,us-gaap/2024,20230930,4,USD,,,5892781732.0,,50493,INGLES MARKETS INC,5411.0,ASHEVILLE,NC,US,10-K,20250930,20251126,5,1.1847200654509948,False,False
0001104659-25-116417,Revenues,us-gaap/2025,20250630,4,USD,,,10856612.0,,1963088,"ATLASCLEAR HOLDINGS, INC.",6199.0,TAMPA,FL,US,S-1/A,20250930,20251126,1,-0.7261309018727392,False,True
0001140361-25-043382,Revenues,us-gaap/2025,20250731,4,USD,,,25794.0,,1854480,DEVVSTREAM CORP.,6799.0,SACRAMENTO,CA,US,S-1/A,20250731,20251126,2,,False,True
0001628280-25-054103,Revenues,us-gaap/2025,20230930,4,USD,,,3316190000.0,,67887,MOOG INC.,3590.0,EAST AURORA,NY,US,10-K,20250930,20251126,3,0.8415342553284605,False,False
0001628280-25-054103,Revenues,us-gaap/2025,20240930,4,USD,,,3608960000.0,,67887,MOOG INC.,3590.0,EAST AURORA,NY,US,10-K,20250930,20251126,3,1.0037859303724561,False,False
0001628280-25-054103,Revenues,us-gaap/2025,20250930,4,USD,,,3860624000.0,,67887,MOOG INC.,3590.0,EAST AURORA,NY,US,10-K,20250930,20251126,3,1.1432568650593165,False,False
0001213900-25-115290,Revenues,us-gaap/2025,20241231,4,USD,,,37719270.0,,2024283,PAPA MEDICAL INC.,2111.0,CITY OF INDUSTRY,CA,US,S-1,20250930,20251126,3,1.0,False,False
0001213900-25-115290,Revenues,us-gaap/2025,20231231,4,USD,,,25325945.0,,2024283,PAPA MEDICAL INC.,2111.0,CITY OF INDUSTRY,CA,US,S-1,20250930,20251126,2,-1.0,False,False
0000050493-25-000019,Revenues,us-gaap/2024,20250930,4,USD,,,5334032609.0,,50493,INGLES MARKETS INC,5411.0,ASHEVILLE,NC,US,10-K,20250930,20251126,5,-1.2611864488368398,False,False
0001140859-25-000131,Revenues,us-gaap/2025,20240930,4,USD,,,293958599000.0,,1140859,"CENCORA, INC.",5122.0,CONSHOHOCKEN,PA,US,10-K,20250930,20251125,2,0.060822243414531074,False,False
0000720005-25-000093,Revenues,us-gaap/2025,20250930,4,USD,,,15912000000.0,,720005,RAYMOND JAMES FINANCIAL INC,6211.0,ST PETERSBURG,FL,US,10-K,20250930,20251125,1,1.0745630102569115,False,False
0001140859-25-000131,Revenues,us-gaap/2025,20230930,4,USD,,,262173411000.0,,1140859,"CENCORA, INC.",5122.0,CONSHOHOCKEN,PA,US,10-K,20250930,20251125,2,-1.2540227802940553,False,False
0001640334-25-002212,Revenues,us-gaap/2025,20240731,4,USD,,,19643.0,,1620749,PANAMERA HOLDINGS CORP,8742.0,HOUSTON,TX,US,10-K,20250731,20251125,1,-0.46464102311254213,False,False
0001193125-25-297510,Revenues,us-gaap/2025,20250930,4,USD,,,766314000.0,,827876,"CLEANSPARK, INC.",6199.0,HENDERSON,NV,US,10-K,20250930,20251125,7,1.303764364875433,False,False
0001640334-25-002212,Revenues,us-gaap/2025,20250731,4,USD,,,241430.0,,1620749,PANAMERA HOLDINGS CORP,8742.0,HOUSTON,TX,US,10-K,20250731,20251125,2,-0.4639646001574357,False,False
0001140859-25-000131,Revenues,us-gaap/2025,20250930,4,USD,,,321332819000.0,,1140859,"CENCORA, INC.",5122.0,CONSHOHOCKEN,PA,US,10-K,20250930,20251125,3,1.1932005368795269,False,False
0000720005-25-000093,Revenues,us-gaap/2025,20240930,4,USD,,,14923000000.0,,720005,RAYMOND JAMES FINANCIAL INC,6211.0,ST PETERSBURG,FL,US,10-K,20250930,20251125,1,0.2589507177441828,False,False
0000720005-25-000093,Revenues,us-gaap/2025,20230930,4,USD,,,12992000000.0,,720005,RAYMOND JAMES FINANCIAL INC,6211.0,ST PETERSBURG,FL,US,10-K,20250930,20251125,1,-1.3335137280010945,False,False
0000010795-25-000099,Revenues,us-gaap/2025,20250930,4,USD,,,21840000000.0,,10795,BECTON DICKINSON & CO,3841.0,FRANKLIN LAKES,NJ,US,10-K,20250930,20251125,2,1.6717023020129609,False,False
0000010795-25-000099,Revenues,us-gaap/2025,20240930,4,USD,,,20178000000.0,,10795,BECTON DICKINSON & CO,3841.0,FRANKLIN LAKES,NJ,US,10-K,20250930,20251125,2,1.4939801189307012,False,False
0000010795-25-000099,Revenues,us-gaap/2025,20230930,4,USD,,,19372000000.0,,10795,BECTON DICKINSON & CO,3841.0,FRANKLIN LAKES,NJ,US,10-K,20250930,20251125,1,1.407792345426308,False,False
0001193125-25-297510,Revenues,us-gaap/2025,20230930,4,USD,,,168408000.0,,827876,"CLEANSPARK, INC.",6199.0,HENDERSON,NV,US,10-K,20250930,20251125,1,-0.3027942294795046,False,False
0001193125-25-297510,Revenues,us-gaap/2025,20240930,4,USD,,,378968000.0,,827876,"CLEANSPARK, INC.",6199.0,HENDERSON,NV,US,10-K,20250930,20251125,3,0.2629752687817198,False,False
0001062993-25-016994,Revenues,us-gaap/2025,20250831,4,USD,,,4524448.0,,1099369,DESTINY MEDIA TECHNOLOGIES INC,7372.0,VANCOUVER,BC,CA,10-K,20250831,20251124,4,-0.31962157182975404,False,False
0001062993-25-016994,Revenues,us-gaap/2025,20240831,4,USD,,,4420768.0,,1099369,DESTINY MEDIA TECHNOLOGIES INC,7372.0,VANCOUVER,BC,CA,10-K,20250831,20251124,4,-0.3196433295671837,False,False
0001589526-25-000100,Revenues,us-gaap/2025,20250930,4,USD,,,1480099000.0,,1589526,BLUE BIRD CORP,3713.0,MACON,GA,US,10-K,20250930,20251124,1,1.2291365626113748,False,False
0001193125-25-292412,Revenues,us-gaap/2025,20250930,4,USD,,,3713000000.0,,16040,CABOT CORP,2890.0,BOSTON,MA,US,10-K,20250930,20251124,3,-1.3815666642028963,False,False
0001589526-25-000100,Revenues,us-gaap/2025,20240930,4,USD,,,1347154000.0,,1589526,BLUE BIRD CORP,3713.0,MACON,GA,US,10-K,20250930,20251124,1,1.0291630570390802,False,False
0001589526-25-000100,Revenues,us-gaap/2025,20230930,4,USD,,,1132793000.0,,1589526,BLUE BIRD CORP,3713.0,MACON,GA,US,10-K,20250930,20251124,1,0.706725051638481,False,False
0001477932-25-008576,Revenues,us-gaap/2025,20240831,4,USD,,,46959.0,,1994582,OYOCAR GROUP INC.,5500.0,SOSUA,,DO,10-K,20250831,20251124,4,-1.0,False,False
0001477932-25-008576,Revenues,us-gaap/2025,20250831,4,USD,,,81936.0,,1994582,OYOCAR GROUP INC.,5500.0,SOSUA,,DO,10-K,20250831,20251124,8,1.0,False,False
0001193125-25-292412,Revenues,us-gaap/2025,20240930,4,USD,,,3994000000.0,,16040,CABOT CORP,2890.0,BOSTON,MA,US,10-K,20250930,20251124,3,0.9524227103923751,False,False
0001193125-25-292412,Revenues,us-gaap/2025,20230930,4,USD,,,3931000000.0,,16040,CABOT CORP,2890.0,BOSTON,MA,US,10-K,20250930,20251124,3,0.4291439538105171,False,False
0001104659-25-114997,Revenues,us-gaap/2024,20241231,4,USD,,,30676000.0,,1294404,FANG HOLDINGS LTD,7374.0,BEIJING,,,20-F,20241231,20251121,3,-0.2789558759611418,False,False
0000070145-25-000039,Revenues,us-gaap/2025,20240930,4,USD,,,1944810000.0,,70145,NATIONAL FUEL GAS CO,4924.0,WILLIAMSVILLE,NY,US,10-K,20250930,20251121,1,-1.1500012290698223,False,False
0000046765-25-000071,Revenues,us-gaap/2025,20230930,4,USD,,,2872421000.0,,46765,"HELMERICH & PAYNE, INC.",1381.0,TULSA,OK,US,10-K,20250930,20251121,2,-0.5719282695093729,False,False
0000046765-25-000071,Revenues,us-gaap/2025,20240930,4,USD,,,2756607000.0,,46765,"HELMERICH & PAYNE, INC.",1381.0,TULSA,OK,US,10-K,20250930,20251121,2,-0.8341579750628142,False,False
0000046765-25-000071,Revenues,us-gaap/2025,20250930,4,USD,,,3746013000.0,,46765,"HELMERICH & PAYNE, INC.",1381.0,TULSA,OK,US,10-K,20250930,20251121,3,1.4060862445721882,False,False
0000052827-25-000192,Revenues,us-gaap/2024,20221231,4,USD,,,577183000.0,,52827,RAYONIER INC,6798.0,WILDLIGHT,FL,US,8-K,20241231,20251121,5,-1.7806013422087223,False,False
0000052827-25-000192,Revenues,us-gaap/2024,20231231,4,USD,,,788373000.0,,52827,RAYONIER INC,6798.0,WILDLIGHT,FL,US,8-K,20241231,20251121,7,-0.596129298233994,False,False
0000052827-25-000192,Revenues,us-gaap/2024,20241231,4,USD,,,987929000.0,,52827,RAYONIER INC,6798.0,WILDLIGHT,FL,US,8-K,20241231,20251121,9,0.5230927445115001,False,False
0000070145-25-000039,Revenues,us-gaap/2025,20230930,4,USD,,,2173771000.0,,70145,NATIONAL FUEL GAS CO,4924.0,WILLIAMSVILLE,NY,US,10-K,20250930,20251121,2,-0.9492744208468338,False,False
0001530950-25-000260,Revenues,us-gaap/2025,20240930,4,USD,,,7922700000.0,,1530950,"POST HOLDINGS, INC.",2040.0,ST. LOUIS,MO,US,10-K,20250930,20251121,7,0.4605706275371132,False,False
0000070145-25-000039,Revenues,us-gaap/2025,20250930,4,USD,,,2277541000.0,,70145,NATIONAL FUEL GAS CO,4924.0,WILLIAMSVILLE,NY,US,10-K,20250930,20251121,2,-0.8583007576932856,False,False
0001530950-25-000260,Revenues,us-gaap/2025,20230930,4,USD,,,6991000000.0,,1530950,"POST HOLDINGS, INC.",2040.0,ST. LOUIS,MO,US,10-K,20250930,20251121,6,-1.3882602801592607,False,False
0001104659-25-114997,Revenues,us-gaap/2024,20231231,4,USD,,,50015000.0,,1294404,FANG HOLDINGS LTD,7374.0,BEIJING,,,20-F,20241231,20251121,5,0.10574840939354199,False,False
0001530950-25-000260,Revenues,us-gaap/2025,20250930,4,USD,,,8158100000.0,,1530950,"POST HOLDINGS, INC.",2040.0,ST. LOUIS,MO,US,10-K,20250930,20251121,8,0.9276896526221475,False,False
0000884614-25-000053,Revenues,us-gaap/2025,20230930,4,USD,,,8928000000.0,,884614,UGI CORP /PA/,4932.0,KING OF PRUSSIA,PA,US,10-K,20250930,20251121,8,1.4131001537395038,False,False
0000884614-25-000053,Revenues,us-gaap/2025,20240930,4,USD,,,7210000000.0,,884614,UGI CORP /PA/,4932.0,KING OF PRUSSIA,PA,US,10-K,20250930,20251121,7,-0.7551398558983052,False,False
0000884614-25-000053,Revenues,us-gaap/2025,20250930,4,USD,,,7287000000.0,,884614,UGI CORP /PA/,4932.0,KING OF PRUSSIA,PA,US,10-K,20250930,20251121,7,-0.6579602978411974,False,False
0001048268-25-000174,Revenues,us-gaap/2025,20230930,4,USD,,,2377227000.0,,1048268,"IES HOLDINGS, INC.",1731.0,HOUSTON,TX,US,10-K,20250930,20251121,2,-1.2328824355025665,False,False
0001048268-25-000174,Revenues,us-gaap/2025,20240930,4,USD,,,2884358000.0,,1048268,"IES HOLDINGS, INC.",1731.0,HOUSTON,TX,US,10-K,20250930,20251121,2,0.016440655108258505,False,False
0001048268-25-000174,Revenues,us-gaap/2025,20250930,4,USD,,,3371468000.0,,1048268,"IES HOLDINGS, INC.",1731.0,HOUSTON,TX,US,10-K,20250930,20251121,3,1.2164417803943068,False,False
0001104659-25-114997,Revenues,us-gaap/2024,20221231,4,USD,,,80481000.0,,1294404,FANG HOLDINGS LTD,7374.0,BEIJING,,,20-F,20241231,20251121,8,0.7117983994455507,False,False
0000002969-25-000055,Revenues,us-gaap/2025,20230930,4,USD,,,12600000000.0,,2969,"AIR PRODUCTS & CHEMICALS, INC.",2810.0,ALLENTOWN,PA,US,10-K,20250930,20251120,1,1.4067382596176266,False,False
0000056978-25-000081,Revenues,us-gaap/2025,20250930,4,USD,,,654081000.0,,56978,KULICKE & SOFFA INDUSTRIES INC,3674.0,SINGAPORE,,SG,10-K,20250930,20251120,6,1.2370906497311422,False,False
0001171843-25-007481,Revenues,us-gaap/2025,20240831,4,USD,,,85059517.0,,875582,NORTHERN TECHNOLOGIES INTERNATIONAL CORP,3470.0,CIRCLE PINES,MN,US,10-K,20250831,20251120,8,1.0,False,False
0000896878-25-000050,Revenues,us-gaap/2025,20230731,4,USD,,,14368000000.0,,896878,INTUIT INC.,7372.0,MOUNTAIN VIEW,CA,US,8-K,20250731,20251120,1,2.694621576685162,False,False
0001493152-25-024349,Revenues,us-gaap/2025,20231231,4,USD,,,5096543.0,,1983736,EVA LIVE INC,7370.0,LOS ANGELES,CA,US,S-1/A,20250930,20251120,5,-0.6790333538207296,False,False
0001493152-25-024349,Revenues,us-gaap/2025,20241231,4,USD,,,9330971.0,,1983736,EVA LIVE INC,7370.0,LOS ANGELES,CA,US,S-1/A,20250930,20251120,9,-0.5487030817168208,False,False
0000002969-25-000055,Revenues,us-gaap/2025,20240930,4,USD,,,12100600000.0,,2969,"AIR PRODUCTS & CHEMICALS, INC.",2810.0,ALLENTOWN,PA,US,10-K,20250930,20251120,1,-0.5776090340073846,False,False
0000896878-25-000050,Revenues,us-gaap/2025,20240731,4,USD,,,16285000000.0,,896878,INTUIT INC.,7372.0,MOUNTAIN VIEW,CA,US,8-K,20250731,20251120,1,3.0969130760359938,True,False
0000896878-25-000050,Revenues,us-gaap/2025,20250731,4,USD,,,18831000000.0,,896878,INTUIT INC.,7372.0,MOUNTAIN VIEW,CA,US,8-K,20250731,20251120,1,3.631203194631308,True,False
0000002969-25-000055,Revenues,us-gaap/2025,20250930,4,USD,,,12037300000.0,,2969,"AIR PRODUCTS & CHEMICALS, INC.",2810.0,ALLENTOWN,PA,US,10-K,20250930,20251120,1,-0.8291292256102344,False,False
0000056978-25-000081,Revenues,us-gaap/2025,20240930,4,USD,,,706232000.0,,56978,KULICKE & SOFFA INDUSTRIES INC,3674.0,SINGAPORE,,SG,10-K,20250930,20251120,7,1.3924739760617737,False,False
0000056978-25-000081,Revenues,us-gaap/2025,20230930,4,USD,,,742491000.0,,56978,KULICKE & SOFFA INDUSTRIES INC,3674.0,SINGAPORE,,SG,10-K,20250930,20251120,7,1.5005072645782427,False,False
0001171843-25-007481,Revenues,us-gaap/2025,20250831,4,USD,,,84234474.0,,875582,NORTHERN TECHNOLOGIES INTERNATIONAL CORP,3470.0,CIRCLE PINES,MN,US,10-K,20250831,20251120,8,-1.0,False,False
0001350593-25-000066,Revenues,us-gaap/2025,20230930,4,USD,,,1275700000.0,,1350593,"MUELLER WATER PRODUCTS, INC.",3490.0,ATLANTA,GA,US,10-K,20250930,20251119,1,-0.984104861511951,False,False
0002001184-25-000068,Revenues,us-gaap/2024,20221231,4,USD,,,2421994000.0,,2001184,"PACS GROUP, INC.",8051.0,FARMINGTON,UT,US,10-K,20241231,20251119,2,-1.1483400554863619,False,False
0001213900-25-112689,Revenues,us-gaap/2025,20250630,4,USD,,,4665000.0,,1828805,"AELUMA, INC.",3674.0,GOLETA,CA,US,POS AM,20250930,20251119,4,-0.6978371225519098,False,True
0001213900-25-112689,Revenues,us-gaap/2025,20240630,4,USD,,,919000.0,,1828805,"AELUMA, INC.",3674.0,GOLETA,CA,US,POS AM,20250930,20251119,9,-0.7089982880220742,False,True
0001213900-25-112675,Revenues,us-gaap/2025,20241231,4,USD,,,676000.0,,1424657,CUENTAS INC.,5140.0,MIAMI BEACH,FL,US,10-K,20241231,20251119,6,-1.0,False,False
0002001184-25-000068,Revenues,us-gaap/2024,20231231,4,USD,,,3111492000.0,,2001184,"PACS GROUP, INC.",8051.0,FARMINGTON,UT,US,10-K,20241231,20251119,3,-0.14066305607722007,False,False
0001628280-25-053207,Revenues,us-gaap/2025,20250930,4,USD,,,2673800000.0,,1417398,"HILLENBRAND, INC.",3990.0,BATESVILLE,IN,US,10-K,20250930,20251119,2,-1.0331854390800823,False,False
0001350593-25-000066,Revenues,us-gaap/2025,20240930,4,USD,,,1314700000.0,,1350593,"MUELLER WATER PRODUCTS, INC.",3490.0,ATLANTA,GA,US,10-K,20250930,20251119,1,-0.3875231579010784,False,False
0001628280-25-053207,Revenues,us-gaap/2025,20240930,4,USD,,,3182800000.0,,1417398,"HILLENBRAND, INC.",3990.0,BATESVILLE,IN,US,10-K,20250930,20251119,3,1.3528916411910696,False,False
0001628280-25-053207,Revenues,us-gaap/2025,20230930,4,USD,,,2826000000.0,,1417398,"HILLENBRAND, INC.",3990.0,BATESVILLE,IN,US,10-K,20250930,20251119,2,-0.3197062021109873,False,False
0001628280-25-053125,Revenues,us-gaap/2025,20250930,4,USD,,,1662400000.0,,1406587,FORESTAR GROUP INC.,6500.0,ARLINGTON,TX,US,10-K,20250930,20251119,1,0.9797310421351927,False,False
0001628280-25-053125,Revenues,us-gaap/2025,20240930,4,USD,,,1509400000.0,,1406587,FORESTAR GROUP INC.,6500.0,ARLINGTON,TX,US,10-K,20250930,20251119,1,0.7771687666981312,False,False
0001628280-25-053125,Revenues,us-gaap/2025,20230930,4,USD,,,1436900000.0,,1406587,FORESTAR GROUP INC.,6500.0,ARLINGTON,TX,US,10-K,20250930,20251119,1,0.6811833747426609,False,False
0001350593-25-000066,Revenues,us-gaap/2025,20250930,4,USD,,,1429700000.0,,1350593,"MUELLER WATER PRODUCTS, INC.",3490.0,ATLANTA,GA,US,10-K,20250930,20251119,1,1.371628019413033,False,False
0001213900-25-112675,Revenues,us-gaap/2025,20231231,4,USD,,,2346000.0,,1424657,CUENTAS INC.,5140.0,MIAMI BEACH,FL,US,10-K,20241231,20251119,2,1.0,False,False
0002001184-25-000068,Revenues,us-gaap/2024,20241231,4,USD,,,4089734000.0,,2001184,"PACS GROUP, INC.",8051.0,FARMINGTON,UT,US,10-K,20241231,20251119,4,1.289003111563582,False,False
0000882184-25-000081,Revenues,us-gaap/2025,20250930,4,USD,,,34250400000.0,,882184,HORTON D R INC /DE/,1531.0,ARLINGTON,TX,US,10-K,20250930,20251119,3,0.9221137015127023,False,False
0000882184-25-000081,Revenues,us-gaap/2025,20240930,4,USD,,,36801400000.0,,882184,HORTON D R INC /DE/,1531.0,ARLINGTON,TX,US,10-K,20250930,20251119,3,1.0784989113906487,False,False
0000882184-25-000081,Revenues,us-gaap/2025,20230930,4,USD,,,35460400000.0,,882184,HORTON D R INC /DE/,1531.0,ARLINGTON,TX,US,10-K,20250930,20251119,3,0.9962909276798192,False,False
0000807882-25-000072,Revenues,us-gaap/2025,20250930,4,USD,,,1465314000.0,,807882,JACK IN THE BOX INC,5812.0,SAN DIEGO,CA,US,10-K,20250930,20251119,1,0.6486529556426743,False,False
0000807882-25-000072,Revenues,us-gaap/2025,20240930,4,USD,,,1571306000.0,,807882,JACK IN THE BOX INC,5812.0,SAN DIEGO,CA,US,10-K,20250930,20251119,1,0.804540511475936,False,False
0000807882-25-000072,Revenues,us-gaap/2025,20230930,4,USD,,,1692306000.0,,807882,JACK IN THE BOX INC,5812.0,SAN DIEGO,CA,US,10-K,20250930,20251119,1,0.9825010580815726,False,False
0001628280-25-052765,Revenues,us-gaap/2025,20230930,4,USD,,,2251600000.0,,1096752,EDGEWELL PERSONAL CARE CO,2844.0,SHELTON,CT,US,10-K,20250930,20251118,2,0.8244129897395028,False,False
0001628280-25-052765,Revenues,us-gaap/2025,20250930,4,USD,,,2223500000.0,,1096752,EDGEWELL PERSONAL CARE CO,2844.0,SHELTON,CT,US,10-K,20250930,20251118,2,0.7986186863885867,False,False
0001628280-25-052765,Revenues,us-gaap/2025,20240930,4,USD,,,2253700000.0,,1096752,EDGEWELL PERSONAL CARE CO,2844.0,SHELTON,CT,US,10-K,20250930,20251118,2,0.826340677890283,False,False
0001772016-25-000153,Revenues,us-gaap/2025,20240930,4,USD,,,1996200000.0,,1772016,"BELLRING BRANDS, INC.",2000.0,CLAYTON,MO,US,10-K,20250930,20251118,1,0.8019193543369443,False,False
0001772016-25-000153,Revenues,us-gaap/2025,20230930,4,USD,,,1666800000.0,,1772016,"BELLRING BRANDS, INC.",2000.0,CLAYTON,MO,US,10-K,20250930,20251118,1,0.4710097576137582,False,False
0001628280-25-052895,Revenues,us-gaap/2024,20231231,4,USD,,,247646316.0,,1479681,"NUTEX HEALTH, INC.",7389.0,HOUSTON,TX,US,10-K/A,20241231,20251118,2,-0.42645168771145703,False,False
0001213900-25-111812,Revenues,us-gaap/2025,20230630,4,USD,,,552526182.0,,2014337,TEXXON HOLDING LTD,5160.0,SHANGHAI,,,20-F,20250630,20251118,5,-1.2174220057462732,False,False
0001213900-25-111812,Revenues,us-gaap/2025,20240630,4,USD,,,672662697.0,,2014337,TEXXON HOLDING LTD,5160.0,SHANGHAI,,,20-F,20250630,20251118,6,-0.014516680195854004,False,False
0001213900-25-111812,Revenues,us-gaap/2025,20250630,4,USD,,,797148640.0,,2014337,TEXXON HOLDING LTD,5160.0,SHANGHAI,,,20-F,20250630,20251118,7,1.2319386859421262,False,False
0001628280-25-052895,Revenues,us-gaap/2024,20221231,4,USD,,,219294306.0,,1479681,"NUTEX HEALTH, INC.",7389.0,HOUSTON,TX,US,10-K/A,20241231,20251118,2,-0.42762648556206106,False,False
0001772016-25-000153,Revenues,us-gaap/2025,20250930,4,USD,,,2316600000.0,,1772016,"BELLRING BRANDS, INC.",2000.0,CLAYTON,MO,US,10-K,20250930,20251118,2,1.1237877052480214,False,False
0001628280-25-052895,Revenues,us-gaap/2024,20241231,4,USD,,,479948633.0,,1479681,"NUTEX HEALTH, INC.",7389.0,HOUSTON,TX,US,10-K/A,20241231,20251118,4,-0.41682597642319413,False,False
0001213900-25-111531,Revenues,us-gaap/2025,20240630,4,USD,,,29575625.0,,2001699,HELPORT AI LTD,7372.0,SINGAPORE,,,20-F,20250630,20251117,2,-0.3143644640802324,False,False
0001213900-25-111270,Revenues,us-gaap/2025,20250630,4,USD,,,4852182.0,,2038378,ACCO GROUP HOLDINGS LTD,8742.0,HONG KONG,,HK,20-F,20250630,20251117,4,-0.44990237607260175,False,False
0001213900-25-111270,Revenues,us-gaap/2025,20240630,4,USD,,,4311653.0,,2038378,ACCO GROUP HOLDINGS LTD,8742.0,HONG KONG,,HK,20-F,20250630,20251117,4,-0.45155092275703657,False,False
0001213900-25-111531,Revenues,us-gaap/2025,20250630,4,USD,,,34856807.0,,2001699,HELPORT AI LTD,7372.0,SINGAPORE,,,20-F,20250630,20251117,3,-0.3132561831072931,False,False
0001213900-25-111604,Revenues,us-gaap/2025,20230731,4,USD,,,62944073.0,,2047148,CTW CAYMAN,7374.0,TOKYO,,,20-F,20250731,20251117,6,0.36294215202571206,False,False
0001213900-25-111604,Revenues,us-gaap/2025,20240731,4,USD,,,68424577.0,,2047148,CTW CAYMAN,7374.0,TOKYO,,,20-F,20250731,20251117,6,0.4719639925915886,False,False
0001213900-25-111604,Revenues,us-gaap/2025,20250731,4,USD,,,90370793.0,,2047148,CTW CAYMAN,7374.0,TOKYO,,,20-F,20250731,20251117,9,0.9085327573942943,False,False
0001628280-25-052613,Revenues,us-gaap/2025,20241231,4,USD,,,340885000.0,,2064124,"FIGURE TECHNOLOGY SOLUTIONS, INC.",6163.0,RENO,NV,US,S-1,20250930,20251117,3,1.0,False,False
0001193125-25-284639,Revenues,us-gaap/2025,20231231,4,USD,,,200871000.0,,2007587,"AMERICAN INTEGRITY INSURANCE GROUP, INC.",6331.0,TAMPA,FL,US,S-1,20250930,20251117,2,-1.0,False,False
0001213900-25-111270,Revenues,us-gaap/2025,20230630,4,USD,,,3665445.0,,2038378,ACCO GROUP HOLDINGS LTD,8742.0,HONG KONG,,HK,20-F,20250630,20251117,3,-0.4535217773381141,False,False
0001193125-25-284639,Revenues,us-gaap/2025,20241231,4,USD,,,204354000.0,,2007587,"AMERICAN INTEGRITY INSURANCE GROUP, INC.",6331.0,TAMPA,FL,US,S-1,20250930,20251117,2,1.0,False,False
0001663577-25-000334,Revenues,us-gaap/2025,20231231,4,USD,,,11800228.0,,1795851,"STEWARDS, INC.",6153.0,LAUDERHILL,FL,US,S-1,20250930,20251117,1,-1.2103718073231178,False,False
0001663577-25-000334,Revenues,us-gaap/2025,20241231,4,USD,,,12787262.0,,1795851,"STEWARDS, INC.",6153.0,LAUDERHILL,FL,US,S-1,20250930,20251117,1,-1.209939466298408,False,False
0001628280-25-052613,Revenues,us-gaap/2025,20231231,4,USD,,,209549000.0,,2064124,"FIGURE TECHNOLOGY SOLUTIONS, INC.",6163.0,RENO,NV,US,S-1,20250930,20251117,2,-1.0,False,False
0001213900-25-111531,Revenues,us-gaap/2025,20230630,4,USD,,,12728313.0,,2001699,HELPORT AI LTD,7372.0,SINGAPORE,,,20-F,20250630,20251117,1,-0.3178999520325074,False,False
0001493594-25-000054,Revenues,us-gaap/2025,20230930,4,USD,,,648407000.0,,1493594,"MACOM TECHNOLOGY SOLUTIONS HOLDINGS, INC.",3674.0,LOWELL,MA,US,10-K,20250930,20251114,6,1.2201850296356502,False,False
0000829224-25-000114,Revenues,us-gaap/2025,20240930,4,USD,,,36176200000.0,,829224,STARBUCKS CORP,5810.0,SEATTLE,WA,US,10-K,20250930,20251114,3,-0.5089517789461871,False,False
0000829224-25-000114,Revenues,us-gaap/2025,20250930,4,USD,,,37184400000.0,,829224,STARBUCKS CORP,5810.0,SEATTLE,WA,US,10-K,20250930,20251114,3,1.397159601193285,False,False
0001493594-25-000054,Revenues,us-gaap/2025,20240930,4,USD,,,729578000.0,,1493594,"MACOM TECHNOLOGY SOLUTIONS HOLDINGS, INC.",3674.0,LOWELL,MA,US,10-K,20250930,20251114,7,1.4620331242375504,False,False
0001493594-25-000054,Revenues,us-gaap/2025,20250930,4,USD,,,967258000.0,,1493594,"MACOM TECHNOLOGY SOLUTIONS HOLDINGS, INC.",3674.0,LOWELL,MA,US,10-K,20250930,20251114,9,2.170198049210504,False,False
0000731802-25-000056,Revenues,us-gaap/2025,20230930,4,USD,,,4275357000.0,,731802,ATMOS ENERGY CORP,4924.0,DALLAS,TX,US,10-K,20250930,20251114,4,0.8931557309524589,False,False
0000731802-25-000056,Revenues,us-gaap/2025,20240930,4,USD,,,4165187000.0,,731802,ATMOS ENERGY CORP,4924.0,DALLAS,TX,US,10-K,20250930,20251114,4,0.7965712800550281,False,False
0000731802-25-000056,Revenues,us-gaap/2025,20250930,4,USD,,,4702755000.0,,731802,ATMOS ENERGY CORP,4924.0,DALLAS,TX,US,10-K,20250930,20251114,4,1.2678493966024555,False,False
0001683168-25-008354,Revenues,us-gaap/2025,20240331,4,CNY,,,41606354.0,,2067919,YHNA MS I LTD,7389.0,WANCHAI,,,F-4/A,20250630,20251114,4,-0.4349891883858763,False,False
0001683168-25-008354,Revenues,us-gaap/2025,20250331,4,CNY,,,109988114.0,,2067919,YHNA MS I LTD,7389.0,WANCHAI,,,F-4/A,20250630,20251114,1,-0.4321557122172194,False,False
0001213900-25-110998,Revenues,us-gaap/2025,20241231,4,USD,,,368138.0,,1874097,CYNGN INC.,7371.0,MOUNTAIN VIEW,CA,US,10-K/A,20241231,20251114,3,-0.38675745531490335,False,False
0001213900-25-110998,Revenues,us-gaap/2025,20231231,4,USD,,,1489317.0,,1874097,CYNGN INC.,7371.0,MOUNTAIN VIEW,CA,US,10-K/A,20241231,20251114,1,-0.38603683101925745,False,False
0001213900-25-110919,Revenues,us-gaap/2025,20250331,4,USD,,,46009519.0,,2031009,SKYLINE BUILDERS GROUP HOLDING LTD,1700.0,KOWLOON BAY,,,F-1,20250331,20251114,4,-0.5426655475568322,False,True
0001213900-25-110919,Revenues,us-gaap/2025,20240331,4,USD,,,48821619.0,,2031009,SKYLINE BUILDERS GROUP HOLDING LTD,1700.0,KOWLOON BAY,,,F-1,20250331,20251114,4,-0.41227935017152695,False,True
0001213900-25-110919,Revenues,us-gaap/2025,20230331,4,USD,,,44555081.0,,2031009,SKYLINE BUILDERS GROUP HOLDING LTD,1700.0,KOWLOON BAY,,,F-1,20250331,20251114,4,-0.6101022106031991,False,True
0000829224-25-000114,Revenues,us-gaap/2025,20230930,4,USD,,,35975600000.0,,829224,STARBUCKS CORP,5810.0,SEATTLE,WA,US,10-K,20250930,20251114,3,-0.8882078222470978,False,False
0001683168-25-008439,Revenues,us-gaap/2025,20250731,4,USD,,,94500.0,,1989788,GURU APP FACTORY CORP,7371.0,LONDON,,,10-K,20250731,20251114,9,-0.38693333284294473,False,False
0001683168-25-008439,Revenues,us-gaap/2025,20240731,4,USD,,,82500.0,,1989788,GURU APP FACTORY CORP,7371.0,LONDON,,,10-K,20250731,20251114,8,-0.38694104569838333,False,False
0001683168-25-008354,Revenues,us-gaap/2025,20250331,4,USD,,,15156767.0,,2067919,YHNA MS I LTD,7389.0,WANCHAI,,,F-4/A,20250630,20251114,1,-0.4360851571710511,False,False
0001744489-25-000155,Revenues,us-gaap/2025,20240930,4,USD,,,91361000000.0,,1744489,WALT DISNEY CO,7990.0,BURBANK,CA,US,10-K,20250930,20251113,9,0.8114122412037915,False,False
0001744489-25-000155,Revenues,us-gaap/2025,20250930,4,USD,,,94425000000.0,,1744489,WALT DISNEY CO,7990.0,BURBANK,CA,US,10-K,20250930,20251113,9,0.8796682937953123,False,False
0001744489-25-000155,Revenues,us-gaap/2025,20230930,4,USD,,,88898000000.0,,1744489,WALT DISNEY CO,7990.0,BURBANK,CA,US,10-K,20250930,20251113,8,0.756544533131691,False,False
0000886206-25-000085,Revenues,us-gaap/2024,20250831,4,USD,,,267067000.0,,886206,FRANKLIN COVEY CO,8741.0,SALT LAKE CITY,UT,US,10-K,20250831,20251112,2,0.7334402957429719,False,False
0001213900-25-108578,Revenues,us-gaap/2025,20250630,4,USD,,,4292622.0,,2045440,IDEA TECH HOLDING LTD,8200.0,HONG KONG,,CN,POS AM,20250630,20251112,4,-0.6385483869788441,False,True
0001644378-25-000043,Revenues,us-gaap/2025,20240930,4,USD,,,897613000.0,,1644378,RMR GROUP INC.,8742.0,NEWTON,MA,US,10-K,20250930,20251112,8,2.2729078459639815,False,False
0001644378-25-000043,Revenues,us-gaap/2025,20230930,4,USD,,,962316000.0,,1644378,RMR GROUP INC.,8742.0,NEWTON,MA,US,10-K,20250930,20251112,9,2.470244003918477,False,False
0001260221-25-000081,Revenues,us-gaap/2025,20230930,4,USD,,,6585000000.0,,1260221,TRANSDIGM GROUP INC,3728.0,CLEVELAND,OH,US,10-K,20250930,20251112,6,-1.2998710848771882,False,False
0001260221-25-000081,Revenues,us-gaap/2025,20240930,4,USD,,,7940000000.0,,1260221,TRANSDIGM GROUP INC,3728.0,CLEVELAND,OH,US,10-K,20250930,20251112,7,0.1674924141580163,False,False
0001260221-25-000081,Revenues,us-gaap/2025,20250930,4,USD,,,8831000000.0,,1260221,TRANSDIGM GROUP INC,3728.0,CLEVELAND,OH,US,10-K,20250930,20251112,8,1.132378670719173,False,False
0001193125-25-277621,Revenues,us-gaap/2024,20241231,4,USD,,,2000000.0,,1755237,"CYCLERION THERAPEUTICS, INC.",2834.0,CAMBRIDGE,MA,US,10-K/A,20241231,20251112,2,-0.5215827180645921,False,False
0001213900-25-109190,Revenues,us-gaap/2025,20250630,4,USD,,,11122585.0,,2000366,SCAGE FUTURE,3713.0,"NANJING CITY, JIANGSU PROVINCE",,,20-F,20250630,20251112,1,-0.9804716461258617,False,False
0000886206-25-000085,Revenues,us-gaap/2024,20230831,4,USD,,,280521000.0,,886206,FRANKLIN COVEY CO,8741.0,SALT LAKE CITY,UT,US,10-K,20250831,20251112,2,0.8320412604013813,False,False
0000886206-25-000085,Revenues,us-gaap/2024,20240831,4,USD,,,287233000.0,,886206,FRANKLIN COVEY CO,8741.0,SALT LAKE CITY,UT,US,10-K,20250831,20251112,2,0.881231811522776,False,False
0001213900-25-108578,Revenues,us-gaap/2025,20230630,4,USD,,,5123511.0,,2045440,IDEA TECH HOLDING LTD,8200.0,HONG KONG,,CN,POS AM,20250630,20251112,5,-0.6378902744214573,False,False
0001213900-25-108578,Revenues,us-gaap/2025,20240630,4,USD,,,4577813.0,,2045440,IDEA TECH HOLDING LTD,8200.0,HONG KONG,,CN,POS AM,20250630,20251112,4,-0.6383224990704066,False,True
0001213900-25-109038,Revenues,us-gaap/2025,20230630,4,CNY,,,69039405.0,,2003061,STAR FASHION CULTURE HOLDINGS LTD,7310.0,"XIAMEN CITY, FUJIAN PROVINCE",,,20-F,20250630,20251112,6,-0.2421977477806315,False,False
0001213900-25-109038,Revenues,us-gaap/2025,20240630,4,CNY,,,108805302.0,,2003061,STAR FASHION CULTURE HOLDINGS LTD,7310.0,"XIAMEN CITY, FUJIAN PROVINCE",,,20-F,20250630,20251112,1,0.7371402528091416,False,False
0001213900-25-109038,Revenues,us-gaap/2025,20250630,4,CNY,,,120789049.0,,2003061,STAR FASHION CULTURE HOLDINGS LTD,7310.0,"XIAMEN CITY, FUJIAN PROVINCE",,,20-F,20250630,20251112,1,1.0322709982957503,False,False
0001213900-25-109038,Revenues,us-gaap/2025,20250630,4,USD,,,16861501.0,,2003061,STAR FASHION CULTURE HOLDINGS LTD,7310.0,"XIAMEN CITY, FUJIAN PROVINCE",,,20-F,20250630,20251112,1,-1.5272135033242604,False,False
0001213900-25-109175,Revenues,us-gaap/2025,20240630,4,USD,,,2830442.0,,1747661,ZETA NETWORK GROUP,8200.0,NEW YORK,NY,US,20-F,20250630,20251112,2,-0.6397065188341942,False,False
0001213900-25-109175,Revenues,us-gaap/2025,20250630,4,USD,,,8726016.0,,1747661,ZETA NETWORK GROUP,8200.0,NEW YORK,NY,US,20-F,20250630,20251112,8,-0.6350368803115954,False,False
0001213900-25-109190,Revenues,us-gaap/2025,20230630,4,USD,,,437970.0,,2000366,SCAGE FUTURE,3713.0,"NANJING CITY, JIANGSU PROVINCE",,,20-F,20250630,20251112,4,-0.9965432540632819,False,False
0001213900-25-109190,Revenues,us-gaap/2025,20240630,4,USD,,,6111141.0,,2000366,SCAGE FUTURE,3713.0,"NANJING CITY, JIANGSU PROVINCE",,,20-F,20250630,20251112,6,-0.9880097710997926,False,False
0001644378-25-000043,Revenues,us-gaap/2025,20250930,4,USD,,,700284000.0,,1644378,RMR GROUP INC.,8742.0,NEWTON,MA,US,10-K,20250930,20251112,7,1.6710787698314566,False,False
0000023197-25-000080,Revenues,us-gaap/2025,20250731,4,USD,,,499528000.0,,23197,COMTECH TELECOMMUNICATIONS CORP /DE/,3663.0,CHANDLER,AZ,US,10-K,20250731,20251110,4,-0.9936775836128551,False,False
0000023197-25-000080,Revenues,us-gaap/2025,20230731,4,USD,,,549994000.0,,23197,COMTECH TELECOMMUNICATIONS CORP /DE/,3663.0,CHANDLER,AZ,US,10-K,20250731,20251110,5,-0.9911203443110015,False,False
0000023197-25-000080,Revenues,us-gaap/2025,20240731,4,USD,,,540403000.0,,23197,COMTECH TELECOMMUNICATIONS CORP /DE/,3663.0,CHANDLER,AZ,US,10-K,20250731,20251110,5,-0.9916063444327484,False,False
0001104659-25-108693,Revenues,us-gaap/2024,20221231,4,USD,,,6174000000.0,,1821825,ORGANON & CO.,2834.0,JERSEY CITY,NJ,US,10-K/A,20241231,20251110,6,1.8734466439313435,False,False
0000100493-25-000095,Revenues,us-gaap/2025,20230930,4,USD,,,52881000000.0,,100493,"TYSON FOODS, INC.",2015.0,SPRINGDALE,AR,US,10-K,20250930,20251110,5,-1.0068942849677944,False,False
0000100493-25-000095,Revenues,us-gaap/2025,20240930,4,USD,,,53309000000.0,,100493,"TYSON FOODS, INC.",2015.0,SPRINGDALE,AR,US,10-K,20250930,20251110,5,-0.3565661854211883,False,False
0001104659-25-108693,Revenues,us-gaap/2024,20231231,4,USD,,,6263000000.0,,1821825,ORGANON & CO.,2834.0,JERSEY CITY,NJ,US,10-K/A,20241231,20251110,6,1.9079828741999174,False,False
0001104659-25-108693,Revenues,us-gaap/2024,20241231,4,USD,,,6403000000.0,,1821825,ORGANON & CO.,2834.0,JERSEY CITY,NJ,US,10-K/A,20241231,20251110,6,1.9623095285549774,False,False
0000100493-25-000095,Revenues,us-gaap/2025,20250930,4,USD,,,54441000000.0,,100493,"TYSON FOODS, INC.",2015.0,SPRINGDALE,AR,US,10-K,20250930,20251110,5,1.3634604703889943,False,False
0001213900-25-108334,Revenues,us-gaap/2025,20231231,4,TWD,,,32840000.0,,1990950,SEMILUX INTERNATIONAL LTD.,3674.0,TAICHUNG CITY,,,20-F,20241231,20251110,3,-0.6138900224125923,False,False
0001213900-25-108334,Revenues,us-gaap/2025,20241231,4,TWD,,,120228000.0,,1990950,SEMILUX INTERNATIONAL LTD.,3674.0,TAICHUNG CITY,,,20-F,20241231,20251110,1,-0.3535184452351416,False,False
0001213900-25-108334,Revenues,us-gaap/2025,20241231,4,USD,,,3667000.0,,1990950,SEMILUX INTERNATIONAL LTD.,3674.0,TAICHUNG CITY,,,20-F,20241231,20251110,3,-0.7008106524876343,False,False
0001213900-25-108334,Revenues,us-gaap/2025,20221231,4,TWD,,,102438000.0,,1990950,SEMILUX INTERNATIONAL LTD.,3674.0,TAICHUNG CITY,,,20-F,20241231,20251110,1,-0.40652355300722526,False,False
0001213900-25-107445,Revenues,us-gaap/2025,20250630,4,USD,,,11106078.0,,1896425,LI BANG INTERNATIONAL CORP INC.,3580.0,JIANGSU PROVINCE,,,20-F,20250630,20251107,1,-0.5964145925240042,False,False
0001213900-25-107445,Revenues,us-gaap/2025,20230630,4,USD,,,14004548.0,,1896425,LI BANG INTERNATIONAL CORP INC.,3580.0,JIANGSU PROVINCE,,,20-F,20250630,20251107,1,1.4087104369006591,False,False
0001213900-25-107445,Revenues,us-gaap/2025,20240630,4,USD,,,10794015.0,,1896425,LI BANG INTERNATIONAL CORP INC.,3580.0,JIANGSU PROVINCE,,,20-F,20250630,20251107,1,-0.8122958443766536,False,False
0001213900-25-106962,Revenues,us-gaap/2025,20250630,4,USD,,,25135681.0,,2018529,INTERCONT (CAYMAN) LTD,4412.0,"CAUSEWAY BAY, HONG KONG",,,F-1,20250630,20251106,2,-0.7645721234170519,False,True
0001213900-25-106962,Revenues,us-gaap/2025,20240630,4,USD,,,25526936.0,,2018529,INTERCONT (CAYMAN) LTD,4412.0,"CAUSEWAY BAY, HONG KONG",,,F-1,20250630,20251106,2,-0.6480401492897951,False,True
0001213900-25-106962,Revenues,us-gaap/2025,20230630,4,USD,,,32445557.0,,2018529,INTERCONT (CAYMAN) LTD,4412.0,"CAUSEWAY BAY, HONG KONG",,,F-1,20250630,20251106,3,1.412612272706846,False,True
0000804328-25-000085,Revenues,us-gaap/2025,20250930,4,USD,,,44284000000.0,,804328,QUALCOMM INC/DE,3663.0,SAN DIEGO,CA,US,10-K,20250930,20251105,4,1.2249918692723925,False,False
0001493152-25-020818,Revenues,us-gaap/2025,20230630,4,USD,,,21146463.0,,2002453,STAK INC.,3533.0,"CHANGZHOUCITY,JIANGSU PROVINCE",,CN,20-F,20250630,20251105,2,-0.2075178138841254,False,False
0001493152-25-020818,Revenues,us-gaap/2025,20240630,4,USD,,,18918847.0,,2002453,STAK INC.,3533.0,"CHANGZHOUCITY,JIANGSU PROVINCE",,CN,20-F,20250630,20251105,1,-1.107728718950404,False,False
0001493152-25-020818,Revenues,us-gaap/2025,20250630,4,USD,,,24914618.0,,2002453,STAK INC.,3533.0,"CHANGZHOUCITY,JIANGSU PROVINCE",,CN,20-F,20250630,20251105,2,1.3152465328345293,False,False
0000823277-25-000038,Revenues,us-gaap/2025,20250831,4,USD,,,35462608000.0,,823277,CHS INC,5150.0,INVER GROVE HEIGHTS,MN,US,10-K,20250831,20251105,3,-1.111250603491771,False,False
0000823277-25-000038,Revenues,us-gaap/2025,20240831,4,USD,,,39261229000.0,,823277,CHS INC,5150.0,INVER GROVE HEIGHTS,MN,US,10-K,20250831,20251105,3,-0.20189801286520848,False,False
0000823277-25-000038,Revenues,us-gaap/2025,20230831,4,USD,,,45590004000.0,,823277,CHS INC,5150.0,INVER GROVE HEIGHTS,MN,US,10-K,20250831,20251105,4,1.3131486163569814,False,False
0001493152-25-020857,Revenues,us-gaap/2025,20250331,4,USD,,,202817.0,,1465470,NATURALSHRIMP INC,900.0,DALLAS,TX,US,10-K,20250331,20251105,2,,False,False
0000804328-25-000085,Revenues,us-gaap/2025,20240930,4,USD,,,38962000000.0,,804328,QUALCOMM INC/DE,3663.0,SAN DIEGO,CA,US,10-K,20250930,20251105,3,0.9553127275836384,False,False
0000804328-25-000085,Revenues,us-gaap/2025,20230930,4,USD,,,35820000000.0,,804328,QUALCOMM INC/DE,3663.0,SAN DIEGO,CA,US,10-K,20250930,20251105,3,0.7960996755005746,False,False
0001193125-25-265034,Revenues,us-gaap/2025,20231231,4,USD,,,1652000000.0,,2038118,"FIRSTENERGY TRANSMISSION, LLC",4911.0,FAIRMONT,WV,US,S-4,20250930,20251104,1,0.3172959790352969,False,False
0001193125-25-265034,Revenues,us-gaap/2025,20221231,4,USD,,,1538000000.0,,2038118,"FIRSTENERGY TRANSMISSION, LLC",4911.0,FAIRMONT,WV,US,S-4,20250930,20251104,1,-1.352169018350413,False,False
0001193125-25-265034,Revenues,us-gaap/2025,20241231,4,USD,,,1701000000.0,,2038118,"FIRSTENERGY TRANSMISSION, LLC",4911.0,FAIRMONT,WV,US,S-4,20250930,20251104,1,1.0348730393151195,False,False
0001185185-25-001610,Revenues,us-gaap/2025,20231231,4,USD,,,68758258.0,,1705402,"AGM GROUP HOLDINGS, INC.",7371.0,WANCHAI,,,F-1/A,20250630,20251103,6,-0.3428005295660827,False,True
0001654954-25-012432,Revenues,us-gaap/2025,20221231,4,USD,,,7003404.0,,884650,INFINITE GROUP INC,7372.0,PITTSFORD,NY,US,10-K,20231231,20251103,7,-0.31910135121104527,False,False
0001185185-25-001610,Revenues,us-gaap/2025,20221231,4,USD,,,203106017.0,,1705402,"AGM GROUP HOLDINGS, INC.",7371.0,WANCHAI,,,F-1/A,20250630,20251103,2,-0.25645012592761207,False,True
0001185185-25-001610,Revenues,us-gaap/2025,20241231,4,USD,,,32044575.0,,1705402,"AGM GROUP HOLDINGS, INC.",7371.0,WANCHAI,,,F-1/A,20250630,20251103,3,-0.3663978070324293,False,True
0001654954-25-012437,Revenues,us-gaap/2025,20241231,4,USD,,,6563309.0,,884650,INFINITE GROUP INC,7372.0,PITTSFORD,NY,US,10-K,20241231,20251103,6,-0.3191937072242987,False,False
0001654954-25-012437,Revenues,us-gaap/2025,20231231,4,USD,,,6954020.0,,884650,INFINITE GROUP INC,7372.0,PITTSFORD,NY,US,10-K,20241231,20251103,6,-0.31911171467656635,False,True
0001654954-25-012381,Revenues,us-gaap/2025,20241231,4,USD,,,39553000.0,,1141197,PEDEVCO CORP,1311.0,HOUSTON,TX,US,10-K/A,20241231,20251031,3,1.7405528938778019,False,True
0001654954-25-012381,Revenues,us-gaap/2025,20231231,4,USD,,,30784000.0,,1141197,PEDEVCO CORP,1311.0,HOUSTON,TX,US,10-K/A,20241231,20251031,3,1.1630552555892772,False,True
0001477932-25-007833,Revenues,us-gaap/2025,20241231,4,USD,,,8000000.0,,1609988,FLOOIDCX CORP.,7389.0,NORTH LAS VEGAS,NV,US,10-K,20241231,20251031,8,-0.43638170596913894,False,False
0001213900-25-104687,Revenues,us-gaap/2025,20230630,4,USD,,,6140731.0,,1897087,SUPERX AI TECHNOLOGY LTD,8742.0,SINGAPORE,,,20-F,20250630,20251031,6,-0.445972460782799,False,False
0001477932-25-007836,Revenues,us-gaap/2025,20250630,4,USD,,,32390.0,,1437750,T-REX ACQUISITION CORP.,6199.0,PLANTATION,FL,US,10-K,20250630,20251031,3,-0.7552153179537048,False,False
0001477932-25-007836,Revenues,us-gaap/2025,20240630,4,USD,,,15824.0,,1437750,T-REX ACQUISITION CORP.,6199.0,PLANTATION,FL,US,10-K,20250630,20251031,1,-0.7552598303848798,False,False
0001213900-25-104390,Revenues,us-gaap/2025,20250630,4,USD,,,380478000.0,,1932770,QUANTASING GROUP LTD,8200.0,"CHAOYANG DISTRICT, BEIJING",,CN,20-F,20250630,20251031,3,-0.3405876230655823,False,False
0001477932-25-007833,Revenues,us-gaap/2025,20231231,4,USD,,,6500000.0,,1609988,FLOOIDCX CORP.,7389.0,NORTH LAS VEGAS,NV,US,10-K,20241231,20251031,6,-0.43644386017887243,False,False
0001213900-25-104702,Revenues,us-gaap/2025,20240630,4,USD,,,5812204.0,,2047273,BUUU GROUP LTD,7900.0,HONG KONG,,HK,20-F,20250630,20251031,5,0.4833246128216826,False,False
0001213900-25-104390,Revenues,us-gaap/2025,20240630,4,CNY,,,3795331000.0,,1932770,QUANTASING GROUP LTD,8200.0,"CHAOYANG DISTRICT, BEIJING",,CN,20-F,20250630,20251031,3,2.36417515623493,False,False
0001213900-25-104390,Revenues,us-gaap/2025,20250630,4,CNY,,,2725592000.0,,1932770,QUANTASING GROUP LTD,8200.0,"CHAOYANG DISTRICT, BEIJING",,CN,20-F,20250630,20251031,2,1.516879465683638,False,False
0001213900-25-104702,Revenues,us-gaap/2025,20250630,4,USD,,,6328425.0,,2047273,BUUU GROUP LTD,7900.0,HONG KONG,,HK,20-F,20250630,20251031,6,0.9093363855869289,False,False
0001213900-25-104390,Revenues,us-gaap/2025,20230630,4,CNY,,,3081381000.0,,1932770,QUANTASING GROUP LTD,8200.0,"CHAOYANG DISTRICT, BEIJING",,CN,20-F,20250630,20251031,3,1.7986851084110262,False,False
0001213900-25-104702,Revenues,us-gaap/2025,20230630,4,USD,,,3538973.0,,2047273,BUUU GROUP LTD,7900.0,HONG KONG,,HK,20-F,20250630,20251031,3,-1.3926609984086114,False,False
0001213900-25-104687,Revenues,us-gaap/2025,20250630,4,USD,,,3596575.0,,1897087,SUPERX AI TECHNOLOGY LTD,8742.0,SINGAPORE,,,20-F,20250630,20251031,3,-0.4537318223313652,False,False
0001213900-25-104687,Revenues,us-gaap/2025,20240630,4,USD,,,2903179.0,,1897087,SUPERX AI TECHNOLOGY LTD,8742.0,SINGAPORE,,,20-F,20250630,20251031,2,-0.45584659448383136,False,False
0001575872-25-000653,Revenues,us-gaap/2025,20250630,4,USD,,,4968599.0,,1941158,WEBUS INTERNATIONAL LTD.,4100.0,HANGZHOU,,CN,20-F,20250630,20251030,4,-0.9800700177048107,False,False
0001645113-25-000042,Revenues,us-gaap/2025,20241231,4,USD,,,605220000.0,,1645113,NOVOCURE LTD,3841.0,ST. HELIER,,,10-Q,20250930,20251030,6,-0.5989905131925197,False,False
0001575872-25-000653,Revenues,us-gaap/2025,20250630,4,CNY,,,35593055.0,,1941158,WEBUS INTERNATIONAL LTD.,4100.0,HANGZHOU,,CN,20-F,20250630,20251030,3,-0.43655688563401807,False,False
0001575872-25-000653,Revenues,us-gaap/2025,20240630,4,CNY,,,45976421.0,,1941158,WEBUS INTERNATIONAL LTD.,4100.0,HANGZHOU,,CN,20-F,20250630,20251030,4,-0.2522761991102353,False,False
0001575872-25-000653,Revenues,us-gaap/2025,20230630,4,CNY,,,154226006.0,,1941158,WEBUS INTERNATIONAL LTD.,4100.0,HANGZHOU,,CN,20-F,20250630,20251030,1,1.668903102449064,False,False
0001213900-25-104178,Revenues,us-gaap/2024,20250630,4,USD,,,2557266.0,,1999297,BIG TREE CLOUD HOLDINGS LTD,2670.0,SHENZHEN,,CN,20-F,20250630,20251030,2,-1.0002663448456606,False,False
0001213900-25-104178,Revenues,us-gaap/2024,20240630,4,USD,,,7323356.0,,1999297,BIG TREE CLOUD HOLDINGS LTD,2670.0,SHENZHEN,,CN,20-F,20250630,20251030,7,-0.9997044194201009,False,False
0001213900-25-104178,Revenues,us-gaap/2024,20230630,4,USD,,,6293340.0,,1999297,BIG TREE CLOUD HOLDINGS LTD,2670.0,SHENZHEN,,CN,20-F,20250630,20251030,6,-0.9998258590444331,False,False
0001213900-25-104179,Revenues,us-gaap/2025,20230630,4,USD,,,65953672.0,,1769768,E-HOME HOUSEHOLD SERVICE HOLDINGS LTD,7600.0,"CANGSHAN DISTRICT, FUZHOU CITY",,CN,20-F,20250630,20251030,6,1.4118831983037339,False,False
0001213900-25-104179,Revenues,us-gaap/2025,20240630,4,USD,,,50466155.0,,1769768,E-HOME HOUSEHOLD SERVICE HOLDINGS LTD,7600.0,"CANGSHAN DISTRICT, FUZHOU CITY",,CN,20-F,20250630,20251030,5,-0.6356609064922563,False,False
0001213900-25-104179,Revenues,us-gaap/2025,20250630,4,USD,,,49402956.0,,1769768,E-HOME HOUSEHOLD SERVICE HOLDINGS LTD,7600.0,"CANGSHAN DISTRICT, FUZHOU CITY",,CN,20-F,20250630,20251030,4,-0.7762222918114776,False,False
0001213900-25-103497,Revenues,us-gaap/2025,20240630,4,CNY,,,963212000.0,,1750264,MAASE INC.,6282.0,"CHENGDU SICHUAN PROVINCE, PRC",,,20-F,20250630,20251029,9,1.629838533203204,False,False
0001213900-25-103497,Revenues,us-gaap/2025,20250630,4,CNY,,,781216000.0,,1750264,MAASE INC.,6282.0,"CHENGDU SICHUAN PROVINCE, PRC",,,20-F,20250630,20251029,7,1.1582928330366815,False,False
0001477932-25-007789,Revenues,us-gaap/2025,20250731,4,USD,,,703.0,,1414382,CONCRETE LEVELING SYSTEMS INC,3590.0,CANTON,OH,US,10-K,20250731,20251029,7,-0.9962813275564666,False,False
0001213900-25-103549,Revenues,us-gaap/2025,20250731,4,USD,,,917000.0,,1713863,"RAFAEL HOLDINGS, INC.",2834.0,NEWARK,NJ,US,10-K,20250731,20251029,9,-0.5220029735407816,False,False
0001213900-25-103497,Revenues,us-gaap/2025,20230630,4,CNY,,,114440000.0,,1750264,MAASE INC.,6282.0,"CHENGDU SICHUAN PROVINCE, PRC",,,20-F,20250630,20251029,1,-0.5693020359397419,False,False
0001213900-25-103549,Revenues,us-gaap/2025,20240731,4,USD,,,637000.0,,1713863,"RAFAEL HOLDINGS, INC.",2834.0,NEWARK,NJ,US,10-K,20250731,20251029,6,-0.5221116268494918,False,False
0001477932-25-007789,Revenues,us-gaap/2025,20240731,4,USD,,,778.0,,1414382,CONCRETE LEVELING SYSTEMS INC,3590.0,CANTON,OH,US,10-K,20250731,20251029,7,-0.9962812859918404,False,False
0001062993-25-016369,Revenues,us-gaap/2025,20240731,4,USD,,,420.0,,1539680,HAMMER TECHNOLOGY HOLDINGS CORP.,4899.0,SARASOTA,FL,US,10-K,20250731,20251029,4,,False,False
0001213900-25-103497,Revenues,us-gaap/2025,20250630,4,USD,,,109052000.0,,1750264,MAASE INC.,6282.0,"CHENGDU SICHUAN PROVINCE, PRC",,,20-F,20250630,20251029,1,-0.5832621682091171,False,False
0001213900-25-103210,Revenues,us-gaap/2025,20230630,4,USD,,,82249571.0,,1381074,BAIJIAYUN GROUP LTD,7372.0,NANJING,,CN,20-F,20250630,20251029,8,-0.3033105878605846,False,False
0001213900-25-103210,Revenues,us-gaap/2025,20240630,4,USD,,,59794661.0,,1381074,BAIJIAYUN GROUP LTD,7372.0,NANJING,,CN,20-F,20250630,20251029,5,-0.3080228567242716,False,False
0001213900-25-103210,Revenues,us-gaap/2025,20250630,4,USD,,,42537106.0,,1381074,BAIJIAYUN GROUP LTD,7372.0,NANJING,,CN,20-F,20250630,20251029,4,-0.31164443610668136,False,False
0001213900-25-103120,Revenues,us-gaap/2025,20230630,4,USD,,,45598620.0,,1903995,MILLENNIUM GROUP INTERNATIONAL HOLDINGS LTD,2750.0,"KWUN TONG, KOWLOON,",,HK,20-F,20250630,20251028,4,1.084860000803161,False,False
0001213900-25-103120,Revenues,us-gaap/2025,20250630,4,USD,,,25334149.0,,1903995,MILLENNIUM GROUP INTERNATIONAL HOLDINGS LTD,2750.0,"KWUN TONG, KOWLOON,",,HK,20-F,20250630,20251028,2,-1.328120196339537,False,False
0001193125-25-253188,Revenues,us-gaap/2025,20241231,4,USD,,,514756000.0,,26058,CTS CORP,3672.0,LISLE,IL,US,10-Q,20250930,20251028,5,,False,False
0001213900-25-103101,Revenues,us-gaap/2025,20231231,4,USD,,,109691001.0,,1865506,ZEO ENERGY CORP.,1700.0,DALLAS,TX,US,S-1,20250630,20251028,1,2.409998398192166,False,False
0001213900-25-103101,Revenues,us-gaap/2025,20241231,4,USD,,,73244083.0,,1865506,ZEO ENERGY CORP.,1700.0,DALLAS,TX,US,S-1,20250630,20251028,7,0.72009581847095,False,False
0001213900-25-103098,Revenues,us-gaap/2025,20250731,4,USD,,,29398000.0,,1667313,"ZEDGE, INC.",7372.0,NEW YORK,NY,US,10-K,20250731,20251028,2,-0.3144017395249753,False,False
0001213900-25-103098,Revenues,us-gaap/2025,20240731,4,USD,,,30091000.0,,1667313,"ZEDGE, INC.",7372.0,NEW YORK,NY,US,10-K,20250731,20251028,3,-0.3142563102036137,False,False
0001213900-25-103120,Revenues,us-gaap/2025,20240630,4,USD,,,38530773.0,,1903995,MILLENNIUM GROUP INTERNATIONAL HOLDINGS LTD,2750.0,"KWUN TONG, KOWLOON,",,HK,20-F,20250630,20251028,3,0.2432601955363752,False,False
0001104659-25-102611,Revenues,us-gaap/2025,20240831,4,USD,,,18490268000.0,,866787,AUTOZONE INC,5531.0,MEMPHIS,TN,US,10-K,20250831,20251027,1,0.3141438030259457,False,False
0001104659-25-102611,Revenues,us-gaap/2025,20230831,4,USD,,,17457209000.0,,866787,AUTOZONE INC,5531.0,MEMPHIS,TN,US,10-K,20250831,20251027,1,-1.3512181460179318,False,False
0001104659-25-102611,Revenues,us-gaap/2025,20250831,4,USD,,,18938717000.0,,866787,AUTOZONE INC,5531.0,MEMPHIS,TN,US,10-K,20250831,20251027,1,1.0370743429919862,False,False
0001683168-25-007786,Revenues,us-gaap/2025,20250731,4,USD,,,7950.0,,1978111,NAPLOY CORP.,8000.0,"DISTRICT ABUJA, FCT",,NG,10-K,20250731,20251027,7,,False,False
0001213900-25-102144,Revenues,us-gaap/2025,20250630,4,USD,,,3494225.0,,1905920,GALAXY PAYROLL GROUP LTD,8700.0,HONG KONG,,,20-F,20250630,20251024,3,-1.7179781242540204,False,False
0001477932-25-007744,Revenues,us-gaap/2025,20231231,4,USD,,,11821899.0,,1590715,AMERICAN RESOURCES CORP,1220.0,FISHERS,IN,US,10-K/A,20241231,20251024,1,1.0,False,False
0001493152-25-019286,Revenues,us-gaap/2025,20231231,4,HKD,,,44125628.0,,2020027,CLICK HOLDINGS LTD.,7361.0,"TSIM SHA TSUI, KOWLOON",,HK,20-F,20250630,20251024,4,-0.6763777881562296,False,False
0001493152-25-019286,Revenues,us-gaap/2025,20250630,4,HKD,,,83548892.0,,2020027,CLICK HOLDINGS LTD.,7361.0,"TSIM SHA TSUI, KOWLOON",,HK,20-F,20250630,20251024,8,0.4236844813947855,False,False
0001213900-25-102144,Revenues,us-gaap/2025,20230630,4,HKD,,,31466673.0,,1905920,GALAXY PAYROLL GROUP LTD,8700.0,HONG KONG,,,20-F,20250630,20251024,3,0.7295448149558124,False,False
0001213900-25-102144,Revenues,us-gaap/2025,20240630,4,HKD,,,30124952.0,,1905920,GALAXY PAYROLL GROUP LTD,8700.0,HONG KONG,,,20-F,20250630,20251024,3,0.6121474057079855,False,False
0001213900-25-102251,Revenues,us-gaap/2025,20250630,4,USD,,,29674534.0,,1888525,U-BX TECHNOLOGY LTD.,7370.0,BEIJING,,,20-F,20250630,20251024,2,0.07744573964772043,False,False
0001477932-25-007747,Revenues,us-gaap/2025,20231231,4,USD,,,1070000000.0,,2022308,"CLASSOVER HOLDINGS, INC.",8200.0,DOVER,DE,US,S-1,20250630,20251024,1,0.2055540237663158,False,True
0001477932-25-007744,Revenues,us-gaap/2025,20241231,4,USD,,,383234.0,,1590715,AMERICAN RESOURCES CORP,1220.0,FISHERS,IN,US,10-K/A,20241231,20251024,3,-1.0,False,False
0001493152-25-019286,Revenues,us-gaap/2025,20250630,4,USD,,,10711396.0,,2020027,CLICK HOLDINGS LTD.,7361.0,"TSIM SHA TSUI, KOWLOON",,HK,20-F,20250630,20251024,1,-1.608764713024352,False,False
0001213900-25-102251,Revenues,us-gaap/2025,20230630,4,USD,,,94318710.0,,1888525,U-BX TECHNOLOGY LTD.,7370.0,BEIJING,,,20-F,20250630,20251024,9,2.067110706914367,False,False
0001213900-25-102251,Revenues,us-gaap/2025,20240630,4,USD,,,51600106.0,,1888525,U-BX TECHNOLOGY LTD.,7370.0,BEIJING,,,20-F,20250630,20251024,5,0.7522867724374726,False,False
0001213900-25-102144,Revenues,us-gaap/2025,20250630,4,HKD,,,27429319.0,,1905920,GALAXY PAYROLL GROUP LTD,8700.0,HONG KONG,,,20-F,20250630,20251024,2,0.3762859035902224,False,False
0001493152-25-019002,Revenues,us-gaap/2025,20230630,4,USD,,,168156906.0,,2000530,GAMEHAUS HOLDINGS INC.,7374.0,SHANGHAI,,CN,20-F,20250630,20251023,1,2.4559059934552945,False,False
0001493152-25-019002,Revenues,us-gaap/2025,20240630,4,USD,,,145236749.0,,2000530,GAMEHAUS HOLDINGS INC.,7374.0,SHANGHAI,,CN,20-F,20250630,20251023,1,1.999962944750493,False,False
0001193125-25-248751,Revenues,us-gaap/2025,20250831,4,USD,,,676368000.0,,836157,LINDSAY CORP,3523.0,OMAHA,NE,US,10-K,20250831,20251023,6,-0.9843765542491114,False,False
0001493152-25-019002,Revenues,us-gaap/2025,20250630,4,USD,,,118048882.0,,2000530,GAMEHAUS HOLDINGS INC.,7374.0,SHANGHAI,,CN,20-F,20250630,20251023,1,1.459123762551145,False,False
0001206774-25-000720,Revenues,us-gaap/2025,20240731,4,USD,,,21593264.0,,54187,MAYS J W INC,6512.0,BROOKLYN,NY,US,10-K,20250731,20251023,2,-1.0,False,False
0001206774-25-000720,Revenues,us-gaap/2025,20250731,4,USD,,,22469710.0,,54187,MAYS J W INC,6512.0,BROOKLYN,NY,US,10-K,20250731,20251023,2,1.0,False,False
0001193125-25-248751,Revenues,us-gaap/2025,20230831,4,USD,,,674084000.0,,836157,LINDSAY CORP,3523.0,OMAHA,NE,US,10-K,20250831,20251023,6,-0.9844627239642022,False,False
0001193125-25-248751,Revenues,us-gaap/2025,20240831,4,USD,,,607074000.0,,836157,LINDSAY CORP,3523.0,OMAHA,NE,US,10-K,20250831,20251023,6,-0.9869908468224476,False,False
0001477932-25-007668,Revenues,us-gaap/2025,20240731,4,USD,,,4429.0,,1230524,"LEOPARD ENERGY, INC.",8742.0,LUGANO,,CH,10-K,20250731,20251021,4,-0.4646874239333251,False,False
0001477932-25-007668,Revenues,us-gaap/2025,20250731,4,USD,,,5974.0,,1230524,"LEOPARD ENERGY, INC.",8742.0,LUGANO,,CH,10-K,20250731,20251021,5,-0.4646827118741619,False,False
0001213900-25-100480,Revenues,us-gaap/2025,20230630,4,HKD,,,44684149.0,,1908705,GLOBAL ENGINE GROUP HOLDING LTD,7374.0,NEW TERRITORIES,,HK,20-F,20250630,20251021,4,-0.00029643389139008,False,False
0001213900-25-100480,Revenues,us-gaap/2025,20240630,4,HKD,,,49450434.0,,1908705,GLOBAL ENGINE GROUP HOLDING LTD,7374.0,NEW TERRITORIES,,HK,20-F,20250630,20251021,4,0.09451768600735075,False,False
0001213900-25-100480,Revenues,us-gaap/2025,20250630,4,HKD,,,23081094.0,,1908705,GLOBAL ENGINE GROUP HOLDING LTD,7374.0,NEW TERRITORIES,,HK,20-F,20250630,20251021,2,-0.4300388112249093,False,False
0001213900-25-100507,Revenues,us-gaap/2025,20231231,4,USD,,,612192.0,,2028336,"NEW ERA ENERGY & DIGITAL, INC.",1311.0,MIDLAND,TX,US,S-1/A,20250630,20251021,6,-0.8239612642983736,False,False
0001213900-25-100507,Revenues,us-gaap/2025,20241231,4,USD,,,532780.0,,2028336,"NEW ERA ENERGY & DIGITAL, INC.",1311.0,MIDLAND,TX,US,S-1/A,20250630,20251021,5,-0.8291910786958839,False,False
0001213900-25-100480,Revenues,us-gaap/2025,20250630,4,USD,,,2940304.0,,1908705,GLOBAL ENGINE GROUP HOLDING LTD,7374.0,NEW TERRITORIES,,HK,20-F,20250630,20251021,2,-0.8306928379806237,False,False
0001213900-25-100369,Revenues,us-gaap/2025,20240630,4,USD,,,48519836.0,,1954594,HAOXI HEALTH TECHNOLOGY LTD,7311.0,BEIJING,,,20-F,20250630,20251020,4,1.4053825592631006,False,False
0001213900-25-100369,Revenues,us-gaap/2025,20250630,4,USD,,,32804336.0,,1954594,HAOXI HEALTH TECHNOLOGY LTD,7311.0,BEIJING,,,20-F,20250630,20251020,3,0.5621249564349092,False,False
0001213900-25-100369,Revenues,us-gaap/2025,20230630,4,USD,,,28229149.0,,1954594,HAOXI HEALTH TECHNOLOGY LTD,7311.0,BEIJING,,,20-F,20250630,20251020,2,0.3166309395655315,False,False
0001493152-25-018376,Revenues,us-gaap/2025,20241231,4,SGD,,,13847548.0,,1938534,FBS GLOBAL LTD,1520.0,SINGAPORE,,SG,6-K,20250630,20251017,1,-0.3136574600852869,False,True
0001683168-25-007621,Revenues,us-gaap/2025,20250531,4,USD,,,3750.0,,1939937,LAMY,8200.0,NEW YORK CITY,NY,US,10-K,20250531,20251017,3,-0.6419454237914929,False,False
0001493152-25-018376,Revenues,us-gaap/2025,20241231,4,USD,,,10385661.0,,1938534,FBS GLOBAL LTD,1520.0,SINGAPORE,,SG,6-K,20250630,20251017,1,-1.037413392937297,False,True
0001493152-25-018466,Revenues,us-gaap/2025,20231231,4,SGD,,,21810317.0,,1938534,FBS GLOBAL LTD,1520.0,SINGAPORE,,SG,F-1,20250630,20251017,2,1.351070853022584,False,True
0001683168-25-007621,Revenues,us-gaap/2025,20240531,4,USD,,,11500.0,,1939937,LAMY,8200.0,NEW YORK CITY,NY,US,10-K,20250531,20251017,1,-0.6419392853394016,False,False
0001437749-25-031287,Revenues,us-gaap/2025,20240630,4,USD,,,21818000.0,,1785680,SANTECH HOLDINGS LTD,6282.0,HONG KONG,,,20-F,20250630,20251017,2,-0.8092826170559403,False,False
0001437749-25-031287,Revenues,us-gaap/2025,20230630,4,USD,,,15256000.0,,1785680,SANTECH HOLDINGS LTD,6282.0,HONG KONG,,,20-F,20250630,20251017,1,-0.8262845450350866,False,False
0001213900-25-099739,Revenues,us-gaap/2024,20240630,4,USD,,,142812726.0,,1724542,CLPS INC,7372.0,KOWLOON,,HK,20-F,20250630,20251017,1,-0.29060112389064885,False,False
0001213900-25-099739,Revenues,us-gaap/2024,20230630,4,USD,,,150356539.0,,1724542,CLPS INC,7372.0,KOWLOON,,HK,20-F,20250630,20251017,1,-0.28901801912143016,False,False
0001213900-25-099739,Revenues,us-gaap/2024,20250630,4,USD,,,164481414.0,,1724542,CLPS INC,7372.0,KOWLOON,,HK,20-F,20250630,20251017,1,-0.28605384742508533,False,False
0001213900-25-099542,Revenues,us-gaap/2025,20250630,4,USD,,,2330557.0,,1905956,TREASURE GLOBAL INC,7389.0,NEW YORK,NY,US,10-K/A,20250630,20251016,2,-0.43661662580200167,False,True
0001213900-25-099542,Revenues,us-gaap/2025,20240630,4,USD,,,22066829.0,,1905956,TREASURE GLOBAL INC,7389.0,NEW YORK,NY,US,10-K/A,20250630,20251016,2,-0.43579883087583815,False,True
0001493152-25-018232,Revenues,us-gaap/2025,20250630,4,USD,,,54232.0,,1751707,OZ VISION INC.,4700.0,LAS VEGAS,NV,US,10-K/A,20250630,20251016,5,-1.0,False,False
0001493152-25-018232,Revenues,us-gaap/2025,20240630,4,USD,,,240717.0,,1751707,OZ VISION INC.,4700.0,LAS VEGAS,NV,US,10-K/A,20250630,20251016,2,1.0,False,False
0001213900-25-099234,Revenues,us-gaap/2025,20241231,4,USD,,,25165733.0,,1922858,"ECD AUTOMOTIVE DESIGN, INC.",3711.0,HINGHAM,MA,US,S-1/A,20250630,20251015,2,0.18036923022488988,False,False
0001213900-25-099234,Revenues,us-gaap/2025,20231231,4,USD,,,19492606.0,,1922858,"ECD AUTOMOTIVE DESIGN, INC.",3711.0,HINGHAM,MA,US,S-1/A,20250630,20251015,1,-0.43267251124896594,False,False
0001213900-25-098953,Revenues,us-gaap/2025,20250630,4,USD,,,65919166.0,,2013807,FOXX DEVELOPMENT HOLDINGS INC.,3576.0,AUSTIN,TX,US,10-K,20250630,20251015,6,1.7247534595307694,False,False
0001213900-25-098953,Revenues,us-gaap/2025,20240630,4,USD,,,3228559.0,,2013807,FOXX DEVELOPMENT HOLDINGS INC.,3576.0,AUSTIN,TX,US,10-K,20250630,20251015,3,-0.7239053458190293,False,False
0001493152-25-018109,Revenues,us-gaap/2025,20240630,4,USD,,,60000.0,,1342936,"RIVULET ENTERTAINMENT, INC.",1311.0,"SCOTTSDALE,",AZ,US,10-K,20250630,20251015,6,-0.8603268220451882,False,False
0001493152-25-018158,Revenues,us-gaap/2025,20250731,4,USD,,,2035211.0,,1482554,"HARTFORD CREATIVE GROUP, INC.",7374.0,ROSEMEAD,CA,US,10-K,20250731,20251015,2,-0.848697551551363,False,False
0001493152-25-018158,Revenues,us-gaap/2025,20240731,4,USD,,,1399945.0,,1482554,"HARTFORD CREATIVE GROUP, INC.",7374.0,ROSEMEAD,CA,US,10-K,20250731,20251015,1,-0.8613346864880261,False,False
0001493152-25-018109,Revenues,us-gaap/2025,20250630,4,USD,,,10000000.0,,1342936,"RIVULET ENTERTAINMENT, INC.",1311.0,"SCOTTSDALE,",AZ,US,10-K,20250630,20251015,1,-0.205710956543086,False,False
0001096906-25-001681,Revenues,us-gaap/2024,20231231,4,USD,,,14362502.0,,1943444,TUNGRAY TECHNOLOGIES INC,3530.0,SINGAPORE,,SG,20-F/A,20241231,20251015,1,1.0,False,False
0001096906-25-001681,Revenues,us-gaap/2024,20241231,4,USD,,,12810249.0,,1943444,TUNGRAY TECHNOLOGIES INC,3530.0,SINGAPORE,,SG,20-F/A,20241231,20251015,1,-1.0,False,False
0001493152-25-017958,Revenues,us-gaap/2025,20250630,4,USD,,,482285.0,,1593001,"NIGHTFOOD HOLDINGS, INC.",3590.0,TARRYTOWN,NY,US,10-K,20250630,20251014,4,-0.9960144372119264,False,False
0001520138-25-000306,Revenues,us-gaap/2024,20241231,4,USD,,,991143.0,,1840102,"SPECIFICITY, INC.",7311.0,TAMPA,FL,US,S-1,20250630,20251014,9,-1.144897847006954,False,False
0001654954-25-011757,Revenues,us-gaap/2025,20250630,4,USD,,,24691000.0,,1374567,"LUVU BRANDS, INC.",2510.0,ATLANTA,GA,US,10-K,20250630,20251014,2,1.0,False,False
0001654954-25-011757,Revenues,us-gaap/2025,20240630,4,USD,,,24574000.0,,1374567,"LUVU BRANDS, INC.",2510.0,ATLANTA,GA,US,10-K,20250630,20251014,2,-1.0,False,False
0001062993-25-016039,Revenues,us-gaap/2025,20240630,4,USD,,,32533965.0,,720875,DYNATRONICS CORP,3841.0,SALT LAKE CITY,UT,US,10-K,20250630,20251014,3,-0.6602293894626301,False,False
0001062993-25-016039,Revenues,us-gaap/2025,20250630,4,USD,,,27393163.0,,720875,DYNATRONICS CORP,3841.0,SALT LAKE CITY,UT,US,10-K,20250630,20251014,2,-0.6607791094110258,False,False
0001079973-25-001605,Revenues,us-gaap/2025,20240630,4,USD,,,40916.0,,1121795,GHST WORLD INC.,7372.0,PALM BEACH GARDENS,FL,US,10-K,20250630,20251014,4,-0.32056246218482315,False,False
0001640334-25-001839,Revenues,us-gaap/2025,20230831,4,USD,,,226208.0,,1348362,LEXARIA BIOSCIENCE CORP.,2834.0,KELOWNA,BC,CA,S-1,20250531,20251014,2,-0.5222710336708906,False,False
0001079973-25-001605,Revenues,us-gaap/2025,20250630,4,USD,,,60469.0,,1121795,GHST WORLD INC.,7372.0,PALM BEACH GARDENS,FL,US,10-K,20250630,20251014,6,-0.32055835889547163,False,False
0001520138-25-000306,Revenues,us-gaap/2024,20231231,4,USD,,,1096575.0,,1840102,"SPECIFICITY, INC.",7311.0,TAMPA,FL,US,S-1,20250630,20251014,1,-1.1392406082565876,False,False
0001213900-25-098514,Revenues,us-gaap/2025,20250630,4,USD,,,1813193.0,,1422892,SINGULARITY FUTURE TECHNOLOGY LTD.,4731.0,NEW YORK,NY,US,10-K,20250630,20251014,1,-1.170678007025908,False,False
0001213900-25-098514,Revenues,us-gaap/2025,20240630,4,USD,,,3136681.0,,1422892,SINGULARITY FUTURE TECHNOLOGY LTD.,4731.0,NEW YORK,NY,US,10-K,20250630,20251014,3,-1.1464974116402649,False,False
0001213900-25-098238,Revenues,us-gaap/2025,20241231,4,USD,,,217.0,,1960262,"LUDWIG ENTERPRISES, INC.",8071.0,POMPANO BEACH,FL,US,S-1/A,20250630,20251014,2,,False,False
0001140361-25-037963,Revenues,us-gaap/2025,20231231,4,USD,,,277038.0,,1920406,"STRIVE, INC.",6199.0,DALLAS,TX,US,S-4,20250630,20251010,2,-0.7545579548448018,False,False
0001467373-25-000217,Revenues,us-gaap/2025,20240831,4,USD,,,64896464000.0,,1467373,ACCENTURE PLC,7389.0,DUBLIN,,IE,10-K,20250831,20251010,6,2.252345761190994,False,False
0001213900-25-098135,Revenues,us-gaap/2025,20221231,4,USD,,,5944190.0,,1981662,NEWGENIVF GROUP LTD,8090.0,BANGKOK,,TH,F-1/A,20250630,20251010,5,-0.8127567519007267,False,False
0001140361-25-037963,Revenues,us-gaap/2025,20241231,4,USD,,,633489.0,,1920406,"STRIVE, INC.",6199.0,DALLAS,TX,US,S-4,20250630,20251010,6,-0.753600179847534,False,False
0001213900-25-098135,Revenues,us-gaap/2025,20241231,4,USD,,,5433375.0,,1981662,NEWGENIVF GROUP LTD,8090.0,BANGKOK,,TH,F-1/A,20250630,20251010,5,-0.8170989104443861,False,False
0001213900-25-098135,Revenues,us-gaap/2025,20231231,4,USD,,,5136153.0,,1981662,NEWGENIVF GROUP LTD,8090.0,BANGKOK,,TH,F-1/A,20250630,20251010,5,-0.8196254318790808,False,False
0001467373-25-000217,Revenues,us-gaap/2025,20230831,4,USD,,,64111745000.0,,1467373,ACCENTURE PLC,7389.0,DUBLIN,,IE,10-K,20250831,20251010,6,2.219830034985756,False,False
0001467373-25-000217,Revenues,us-gaap/2025,20250831,4,USD,,,69672977000.0,,1467373,ACCENTURE PLC,7389.0,DUBLIN,,IE,10-K,20250831,20251010,6,2.4502660217221637,False,False
0001683168-25-007480,Revenues,us-gaap/2025,20240630,4,USD,,,86071485.0,,1830072,IPOWER INC.,5200.0,RANCHO CUCAMONGA,CA,US,10-K,20250630,20251009,8,1.0,False,False
0001683168-25-007480,Revenues,us-gaap/2025,20250630,4,USD,,,66142779.0,,1830072,IPOWER INC.,5200.0,RANCHO CUCAMONGA,CA,US,10-K,20250630,20251009,6,-1.0,False,False
0001213900-25-097860,Revenues,us-gaap/2025,20231231,4,USD,,,45000.0,,1859807,"PROFUSA, INC.",3841.0,NEW YORK,NY,US,S-1,20250630,20251009,4,-0.6637035229078065,False,False
0001213900-25-097860,Revenues,us-gaap/2025,20241231,4,USD,,,100000.0,,1859807,"PROFUSA, INC.",3841.0,NEW YORK,NY,US,S-1,20250630,20251009,1,-0.6636976416081257,False,False
0001213900-25-097467,Revenues,us-gaap/2025,20221231,4,USD,,,1295889.0,,1734005,APTORUM GROUP LTD,3829.0,LONDON,,GB,6-K,20250630,20251008,1,1.0,False,True
0001213900-25-097503,Revenues,us-gaap/2024,20241231,4,USD,,,18000.0,,1800637,"RYTHM, INC.",700.0,ROLLING MEADOWS,IL,US,8-K,20241231,20251008,1,,False,False
0001213900-25-097467,Revenues,us-gaap/2025,20231231,4,USD,,,431378.0,,1734005,APTORUM GROUP LTD,3829.0,LONDON,,GB,6-K,20250630,20251008,4,-1.0,False,True
0001213900-25-096648,Revenues,us-gaap/2025,20241231,4,USD,,,9291115.0,,1558569,ISPECIMEN INC.,8731.0,WOBURN,MA,US,S-1/A,20250630,20251006,9,0.532973444491506,False,False
0001213900-25-096648,Revenues,us-gaap/2025,20231231,4,USD,,,9928184.0,,1558569,ISPECIMEN INC.,8731.0,WOBURN,MA,US,S-1/A,20250630,20251006,9,0.8679534395081159,False,False
0001683168-25-007401,Revenues,us-gaap/2025,20240731,4,USD,,,8617265.0,,1557798,"TIANCI INTERNATIONAL, INC.",3576.0,KOWLOON,,,10-K,20250731,20251003,8,-0.5134256100534896,False,False
0001683168-25-007401,Revenues,us-gaap/2025,20250731,4,USD,,,9282997.0,,1557798,"TIANCI INTERNATIONAL, INC.",3576.0,KOWLOON,,,10-K,20250731,20251003,9,-0.48742250365825035,False,False
